experiment,algorithm,grid_size,runs,t_targets_mean,t_targets_ci95,t_coverage_mean,t_coverage_ci95,mean_found_mean,mean_found_ci95,target_found_fraction_mean,target_found_fraction_ci95,percent_coverage_mean,percent_coverage_ci95,t_targets_horizon_fraction_mean,t_targets_horizon_fraction_ci95,t_coverage_horizon_fraction_mean,t_coverage_horizon_fraction_ci95
E1,centralized,50,10,314.4,18.571682338681352,347.5,7.36414195046963,0.54941050048902,0.05092392126219008,1.0,0.0,100.0,0.0,0.06288,0.0037143364677362702,0.06949999999999999,0.0014728283900939266
E1,centralized,100,10,627.9,18.707364634163614,685.4,18.906522989581017,0.5643319617363126,0.04814851451691293,1.0,0.0,100.0,0.0,0.06279,0.0018707364634163624,0.06854,0.0018906522989581014
E1,centralized,150,10,905.0,69.97196949890402,1074.7,42.62723388216087,0.6373786074816545,0.02376503436184818,1.0,0.0,100.0,0.0,0.06033333333333333,0.004664797966593601,0.07164666666666666,0.002841815592144059
E1,centralized,200,10,1304.4,33.088866311461594,1429.1,30.139067566495445,0.6119068419349354,0.026672264972425426,1.0,0.0,100.0,0.0,0.06522000000000001,0.0016544433155730783,0.07145499999999999,0.0015069533783247735
E1,centralized,250,10,1620.5,54.98819889556101,1879.8,44.80628400372231,0.6284158856260481,0.026647624939627124,1.0,0.0,100.0,0.0,0.06482000000000002,0.0021995279558224405,0.075192,0.0017922513601488928
E1,centralized,300,10,2017.4,92.79918700793306,2183.8,61.105215722100546,0.6056809586354388,0.02294584929143768,1.0,0.0,100.0,0.0,0.06724666666666668,0.003093306233597769,0.07279333333333333,0.002036840524070018
E1,centralized,350,10,2280.7,81.92917224041753,2493.6,47.454852162637465,0.6030356317812435,0.020256792131303786,1.0,0.0,100.0,0.0,0.06516285714285716,0.0023408334925833574,0.07124571428571429,0.0013558529189324974
E1,centralized,400,10,2733.0,117.00030799579595,2985.0,114.75554044237785,0.6101378268085812,0.02163523914298177,1.0,0.0,100.0,0.0,0.068325,0.0029250076998948984,0.074625,0.0028688885110594456
E1,centralized,450,10,2961.4,85.53687915747219,3227.5,117.57903702049386,0.6126858762069073,0.01928912626140058,1.0,0.0,100.0,0.0,0.06580888888888889,0.0019008195368327152,0.07172222222222221,0.002612867489344308
E1,centralized,500,10,3413.3,142.07170109021243,3784.0,93.46275293755617,0.6338793676508643,0.01628096543324829,1.0,0.0,100.0,0.0,0.068266,0.002841434021804249,0.07568,0.001869255058751122
E1,stigmergy_random_walk,50,100,1494.3,159.53522322172003,3131.21,175.36974750916616,0.8523137254545387,0.010975118369289287,0.998,0.0029099663104872183,99.98440000000001,0.02203147230576278,0.29886,0.03190704464434401,0.6262420000000001,0.03507394950183323
E1,stigmergy_random_walk,100,100,4010.11,332.2436719281336,7995.46,297.4082286596643,0.8794121254202447,0.00653954770287282,0.9996666666666667,0.0006533333333333332,99.99279999999999,0.0041980046438633,0.40101099999999995,0.03322436719281336,0.7995459999999999,0.029740822865966434
E1,stigmergy_random_walk,150,100,6744.94,425.27313443197704,13215.02,356.4810954247446,0.8896120585723963,0.004870257165872963,1.0,0.0,99.98782222222222,0.00655704202500788,0.4496626666666666,0.028351542295465135,0.8810013333333334,0.023765406361649637
E1,stigmergy_random_walk,200,100,10043.94,625.0163196632842,18877.71,318.281351347658,0.8944580144105099,0.0038811417246965535,0.9996666666666667,0.00045963729417854783,99.98064999999998,0.00904524604419341,0.502197,0.03125081598316421,0.9438854999999999,0.015914067567382898
E1,stigmergy_random_walk,250,100,13299.86,775.5420150222254,24276.39,248.120340797324,0.8964187106783433,0.0032816628754118384,0.9997333333333333,0.0003677098353428364,99.95382399999998,0.03288372895707575,0.5319944000000001,0.03102168060088902,0.9710556000000001,0.009924813631892961
E1,stigmergy_random_walk,300,100,16778.69,1149.0920507542678,29215.71,307.7647405538461,0.8975053572295408,0.003198181517618408,0.9992222222222223,0.0005584527821704823,99.96958888888888,0.015174698294355986,0.5592896666666667,0.03830306835847559,0.973857,0.010258824685128199
E1,stigmergy_random_walk,350,100,19806.68,1206.7487455518449,34500.26,275.4199666423096,0.8998928110799429,0.002667110919576714,0.9997142857142856,0.000320033668262494,99.96837551020408,0.011557908894786995,0.5659051428571429,0.03447853558719556,0.9857217142857144,0.007869141904065987
E1,stigmergy_random_walk,400,100,23134.25,1410.5105658516964,39724.52,175.45267353384884,0.8967166022064383,0.0026870955038229317,0.9990000000000001,0.0009650372892779679,99.95768749999999,0.03220459202956016,0.5783562500000001,0.035262764146292404,0.993113,0.004386316838346222
E1,stigmergy_random_walk,450,100,25582.82,1247.4577514977248,44842.6,116.9180644894517,0.8981179533884933,0.0022550927623722606,0.9999259259259259,0.0001451851851851854,99.97686913580246,0.011340804305255288,0.5685071111111112,0.02772128336661611,0.9965022222222223,0.002598179210876705
E1,stigmergy_random_walk,500,100,31159.1,1530.386185102151,49957.21,71.8621703778037,0.8968279799179997,0.0021787370975814187,0.9997333333333333,0.0002573432771407933,99.96516799999998,0.012190076008596904,0.6231819999999999,0.030607723702043024,0.9991442,0.001437243407556073
E1,stigmergy_search,50,100,362.14,17.028123760248615,478.82,18.752526618764595,0.6893177453782465,0.01637804081470062,1.0,0.0,100.0,0.0,0.07242799999999999,0.003405624752049723,0.09576400000000002,0.003750505323752919
E1,stigmergy_search,100,100,831.62,37.04895733384205,1043.88,38.26701696927615,0.7218438755561478,0.010671120875539942,1.0,0.0,100.0,0.0,0.083162,0.0037048957333842046,0.10438800000000002,0.0038267016969276146
E1,stigmergy_search,150,100,1368.4,53.66397004028726,1665.91,64.25692592871593,0.727127359401628,0.010489059645641619,1.0,0.0,100.0,0.0,0.09122666666666668,0.0035775980026858164,0.11106066666666667,0.004283795061914395
E1,stigmergy_search,200,100,1870.66,82.75827407570982,2307.26,84.86729641437421,0.7365022630229211,0.00949087838582206,1.0,0.0,100.0,0.0,0.093533,0.004137913703785491,0.11536300000000001,0.00424336482071871
E1,stigmergy_search,250,100,2544.88,112.20559042775908,2965.16,109.21242098703283,0.7355907411061099,0.009375555691044542,1.0,0.0,100.0,0.0,0.10179519999999996,0.004488223617110363,0.1186064,0.004368496839481313
E1,stigmergy_search,300,100,3021.46,108.18401746133831,3547.07,126.57867639496237,0.7320301137488893,0.008888561694943457,1.0,0.0,100.0,0.0,0.10071533333333332,0.0036061339153779437,0.11823566666666667,0.004219289213165413
E1,stigmergy_search,350,100,3774.11,173.28608743785986,4424.29,163.09428380452675,0.754994812231577,0.007743257897723586,1.0,0.0,100.0,0.0,0.10783171428571427,0.004951031069653139,0.12640828571428572,0.004659836680129335
E1,stigmergy_search,400,100,4446.71,180.11263313426963,5210.69,223.52279873138107,0.7553831335524807,0.008561193893757178,1.0,0.0,100.0,0.0,0.11116775000000001,0.00450281582835674,0.13026725,0.005588069968284527
E1,stigmergy_search,450,100,4995.46,183.0205058784795,5730.12,219.13951241762848,0.7541362078022168,0.00769654198829235,1.0,0.0,100.0,0.0,0.11101022222222223,0.0040671223528551004,0.12733600000000003,0.004869766942613967
E1,stigmergy_search,500,100,5480.99,213.20452643819678,6274.05,226.41447821313295,0.7566273702622481,0.007123946937461037,1.0,0.0,100.0,0.0,0.10961979999999999,0.004264090528763935,0.12548099999999998,0.004528289564262659
E2,centralized,50,40,344.275,19.897891087196868,385.3,19.420668831071545,0.5764778904733489,0.025390900995678024,1.0,0.0,100.0,0.0,0.068855,0.003979578217439374,0.07706,0.003884133766214309
E2,centralized,100,40,718.4,46.60599164298128,807.125,47.819024948772025,0.6083078736995938,0.02587579193106637,1.0,0.0,100.0,0.0,0.07183999999999999,0.004660599164298128,0.0807125,0.004781902494877203
E2,centralized,150,40,1128.975,85.3480328824129,1370.725,89.68760826835239,0.6910719101819074,0.018034008797849974,1.0,0.0,100.0,0.0,0.075265,0.005689868858827527,0.09138166666666667,0.005979173884556826
E2,centralized,200,40,1514.375,83.68763003513382,1751.2,95.69994155023267,0.6624501722781823,0.017371613036385274,1.0,0.0,100.0,0.0,0.07571874999999999,0.004184381501756691,0.08756,0.0047849970775116326
E2,centralized,250,40,1833.675,94.97935833386545,2196.15,104.51330462771297,0.6648881652780005,0.015146221617802949,1.0,0.0,100.0,0.0,0.07334700000000001,0.0037991743333546184,0.08784600000000001,0.004180532185108519
E2,centralized,300,40,2167.3,96.13641826765408,2387.525,102.50097989763003,0.6279988056780013,0.014829518758489414,1.0,0.0,100.0,0.0,0.07224333333333334,0.003204547275588469,0.07958416666666665,0.0034166993299210016
E2,centralized,350,40,2603.375,131.5063919022716,2967.375,154.52578039121116,0.6493442759154288,0.017314683593111377,1.0,0.0,100.0,0.0,0.07438214285714287,0.003757325482922046,0.08478214285714285,0.0044150222968917475
E2,centralized,400,40,3132.3,158.88255662079138,3477.675,164.62477859658418,0.6474662202724577,0.013460584355193898,1.0,0.0,100.0,0.0,0.0783075,0.003972063915519784,0.086941875,0.004115619464914604
E2,centralized,450,40,3559.275,210.84591498198333,4001.075,225.62253028244163,0.6684154808693101,0.01524223339362381,1.0,0.0,100.0,0.0,0.079095,0.004685464777377407,0.08891277777777777,0.005013834006276479
E2,centralized,500,40,3825.7,193.19791606456914,4318.7,200.5137968432916,0.6649225238870783,0.012874831599011607,1.0,0.0,100.0,0.0,0.076514,0.003863958321291383,0.08637399999999999,0.004010275936865832
E2,stigmergy_random_walk,50,400,1750.3425,78.15109384271474,3849.1875,85.8297156400188,0.868496558077899,0.004898275302644907,0.9990000000000001,0.0007951372679316454,99.9691,0.010601428794800702,0.3500685,0.01563021876854295,0.7698375,0.017165943128003767
E2,stigmergy_random_walk,100,400,4843.005,175.4039763134414,9158.355,106.34872756301121,0.8798590628736835,0.002980996290354184,0.9992500000000001,0.000485062846353213,99.93635,0.023143276622857558,0.48430049999999997,0.01754039763134414,0.9158355,0.010634872756301119
E2,stigmergy_random_walk,150,400,8044.305,253.993555968674,14621.8325,84.07155946987672,0.8863946070564594,0.00246599767758746,0.9990555555555557,0.0004909466705373145,99.88998888888888,0.028850006801823008,0.536287,0.016932903731244935,0.9747888333333333,0.005604770631325115
E2,stigmergy_random_walk,200,400,11993.4425,357.2484703744285,19810.5775,65.6752551846958,0.883821021385002,0.00229386673297237,0.9990416666666667,0.0005646055135799802,99.86536249999999,0.036885071989743945,0.599672125,0.01786242351872143,0.9905288750000001,0.00328376275923479
E2,stigmergy_random_walk,250,400,16299.175,472.2072250147044,24933.6175,30.441650142910007,0.8855060959475581,0.0018128727552599697,0.9984666666666666,0.0005012269390649746,99.896052,0.022830903112692185,0.6519670000000001,0.018888289000588178,0.9973446999999999,0.0012176660057164005
E2,stigmergy_random_walk,300,400,19973.7875,523.5668451750605,29979.8925,19.654295378895608,0.8864916111208123,0.001631958208107248,0.9988333333333332,0.0004801754967602729,99.87920277777778,0.029232850495096385,0.6657929166666666,0.017452228172502016,0.99932975,0.0006551431792965204
E2,stigmergy_random_walk,350,400,24109.6025,591.838768925394,35000.0,0.0,0.8860936680272943,0.0015969072496046454,0.9990000000000001,0.0003223355315998744,99.85611020408163,0.02930542301529297,0.6888457857142857,0.01690967911215411,1.0,0.0
E2,stigmergy_random_walk,400,400,29092.4475,698.4197905555858,40000.0,0.0,0.880001548437348,0.0015867226268123187,0.998375,0.0004987067583251906,99.8539078125,0.024859535456544617,0.7273111874999999,0.017460494763889643,1.0,0.0
E2,stigmergy_random_walk,450,400,33166.02,754.3473651394631,45000.0,0.0,0.8818729901235468,0.001401408840459698,0.9985185185185185,0.00036703370292142274,99.85841358024689,0.021390143906402818,0.7370226666666666,0.01676327478087696,1.0,0.0
E2,stigmergy_random_walk,500,400,38014.2575,785.2509378962447,50000.0,0.0,0.8810039166664305,0.0013636458318775986,0.9986833333333334,0.0003573929534796139,99.86485,0.019446596877151934,0.76028515,0.015705018757924894,1.0,0.0
E2,stigmergy_search,50,400,375.7275,9.562440527662785,524.535,13.461832011947509,0.7059126655204174,0.008484227542402197,1.0,0.0,100.0,0.0,0.0751455,0.001912488105532557,0.104907,0.0026923664023895022
E2,stigmergy_search,100,400,918.1825,26.579354704696467,1203.515,29.319487967489973,0.7438270548508957,0.006069264705550846,1.0,0.0,100.0,0.0,0.09181825,0.0026579354704696465,0.12035150000000001,0.0029319487967489977
E2,stigmergy_search,150,400,1517.305,39.84841293453735,1914.8325,47.5752273674592,0.7477009337137781,0.005745625444250081,1.0,0.0,100.0,0.0,0.10115366666666667,0.0026565608623024895,0.1276555,0.00317168182449728
E2,stigmergy_search,200,400,2157.9775,57.668904558265645,2707.715,62.495232577151675,0.7577818537604583,0.0054833223804795,1.0,0.0,100.0,0.0,0.10789887499999999,0.0028834452279132812,0.13538575,0.0031247616288575843
E2,stigmergy_search,250,400,2772.9025,71.64711438845569,3513.31,96.06201371266339,0.7630941270335972,0.005575254839150643,1.0,0.0,100.0,0.0,0.11091610000000002,0.002865884575538228,0.1405324,0.003842480548506536
E2,stigmergy_search,300,400,3301.3575,76.15772928115655,4131.0725,94.34660252116763,0.7597017563635877,0.004877497396700747,1.0,0.0,100.0,0.0,0.11004525000000001,0.002538590976038552,0.13770241666666666,0.0031448867507055875
E2,stigmergy_search,350,400,4304.7375,125.79967134117739,5268.4625,133.89253734770992,0.7811238180724746,0.004562049254886551,1.0,0.0,100.0,0.0,0.1229925,0.0035942763240336393,0.1505275,0.0038255010670774268
E2,stigmergy_search,400,400,5118.8375,126.99036558678,6389.6675,159.64931320354523,0.7877509150535861,0.004496313183253963,1.0,0.0,100.0,0.0,0.1279709375,0.003174759139669499,0.1597416875,0.003991232830088631
E2,stigmergy_search,450,400,5729.8275,150.08219824878947,7224.6925,212.32442018196065,0.7891016363476523,0.004732428944310153,1.0,0.0,100.0,0.0,0.1273295,0.0033351599610842108,0.16054872222222222,0.004718320448488016
E2,stigmergy_search,500,400,6534.19,184.8944632125913,8215.025,227.972670402097,0.7988618194612431,0.004841092550162798,1.0,0.0,100.0,0.0,0.13068380000000002,0.003697889264251826,0.16430050000000002,0.00455945340804194
