grid_size,n_search_robots,requested_distance_shell,spawn_position_id,algorithm_seed,target_x,target_y,search_robot_id,search_start_x,search_start_y,initial_distance,time_to_attractive_detection,distance_at_detection,mode_switch_step,found,steps_to_target,time_from_detection_to_target,path_efficiency,post_detection_path_efficiency,convergence_rate,stagnation_count,post_detection_stagnation_count,final_distance
50,1,20,1,543201,25,25,1,6,24,20,463.0,30.0,463.0,1,491.0,28.0,0.04073319755600815,1.0714285714285714,1.0357142857142858,236,0,1
50,1,20,1,543202,25,25,1,6,24,20,16.0,5.0,16.0,1,19.0,3.0,1.0526315789473684,1.6666666666666667,1.3333333333333333,0,0,1
50,1,20,1,543203,25,25,1,6,24,20,410.0,19.0,410.0,1,449.0,39.0,0.044543429844097995,0.48717948717948717,0.46153846153846156,215,11,1
50,1,20,1,543204,25,25,1,6,24,20,555.0,32.0,555.0,1,585.0,30.0,0.03418803418803419,1.0666666666666667,1.0333333333333334,283,0,1
50,1,20,1,543205,25,25,1,6,24,20,16.0,5.0,16.0,1,19.0,3.0,1.0526315789473684,1.6666666666666667,1.3333333333333333,0,0,1
50,1,20,1,543206,25,25,1,6,24,20,437.0,30.0,437.0,1,465.0,28.0,0.043010752688172046,1.0714285714285714,1.0357142857142858,223,0,1
50,1,20,1,543207,25,25,1,6,24,20,467.0,30.0,467.0,1,495.0,28.0,0.04040404040404041,1.0714285714285714,1.0357142857142858,238,0,1
50,1,20,1,543208,25,25,1,6,24,20,399.0,30.0,399.0,1,427.0,28.0,0.0468384074941452,1.0714285714285714,1.0357142857142858,204,0,1
50,1,20,1,543209,25,25,1,6,24,20,16.0,5.0,16.0,1,19.0,3.0,1.0526315789473684,1.6666666666666667,1.3333333333333333,0,0,1
50,1,20,1,543210,25,25,1,6,24,20,214.0,13.0,214.0,1,225.0,11.0,0.08888888888888889,1.1818181818181819,1.0909090909090908,103,0,1
50,1,30,2,543301,25,25,1,0,20,30,480.0,33.0,480.0,1,513.0,33.0,0.05847953216374269,1.0,0.9696969696969697,242,1,1
50,1,30,2,543302,25,25,1,0,20,30,491.0,32.0,491.0,1,521.0,30.0,0.05758157389635317,1.0666666666666667,1.0333333333333334,246,0,1
50,1,30,2,543303,25,25,1,0,20,30,254.0,21.0,254.0,1,273.0,19.0,0.10989010989010989,1.105263157894737,1.0526315789473684,122,0,1
50,1,30,2,543304,25,25,1,0,20,30,480.0,33.0,480.0,1,511.0,31.0,0.05870841487279843,1.064516129032258,1.032258064516129,241,0,1
50,1,30,2,543305,25,25,1,0,20,30,491.0,32.0,491.0,1,521.0,30.0,0.05758157389635317,1.0666666666666667,1.0333333333333334,246,0,1
50,1,30,2,543306,25,25,1,0,20,30,491.0,32.0,491.0,1,521.0,30.0,0.05758157389635317,1.0666666666666667,1.0333333333333334,246,0,1
50,1,30,2,543307,25,25,1,0,20,30,480.0,33.0,480.0,1,513.0,33.0,0.05847953216374269,1.0,0.9696969696969697,242,1,1
50,1,30,2,543308,25,25,1,0,20,30,588.0,33.0,588.0,1,619.0,31.0,0.048465266558966075,1.064516129032258,1.032258064516129,295,0,1
50,1,30,2,543309,25,25,1,0,20,30,254.0,17.0,254.0,1,269.0,15.0,0.11152416356877323,1.1333333333333333,1.0666666666666667,120,0,1
50,1,30,2,543310,25,25,1,0,20,30,480.0,33.0,480.0,1,513.0,33.0,0.05847953216374269,1.0,0.9696969696969697,242,1,1
50,1,40,3,543401,25,25,1,0,10,40,567.0,30.0,567.0,1,595.0,28.0,0.06722689075630252,1.0714285714285714,1.0357142857142858,278,0,1
50,1,40,3,543402,25,25,1,0,10,40,391.0,26.0,391.0,1,415.0,24.0,0.0963855421686747,1.0833333333333333,1.0416666666666667,188,0,1
50,1,40,3,543403,25,25,1,0,10,40,501.0,32.0,501.0,1,531.0,30.0,0.07532956685499058,1.0666666666666667,1.0333333333333334,246,0,1
50,1,40,3,543404,25,25,1,0,10,40,391.0,26.0,391.0,1,415.0,24.0,0.0963855421686747,1.0833333333333333,1.0416666666666667,188,0,1
50,1,40,3,543405,25,25,1,0,10,40,470.0,23.0,470.0,1,491.0,21.0,0.0814663951120163,1.0952380952380953,1.0476190476190477,226,0,1
50,1,40,3,543406,25,25,1,0,10,40,475.0,28.0,475.0,1,503.0,28.0,0.07952286282306163,1.0,0.9642857142857143,232,1,1
50,1,40,3,543407,25,25,1,0,10,40,406.0,27.0,406.0,1,431.0,25.0,0.09280742459396751,1.08,1.04,196,0,1
50,1,40,3,543408,25,25,1,0,10,40,578.0,33.0,578.0,1,609.0,31.0,0.06568144499178982,1.064516129032258,1.032258064516129,285,0,1
50,1,40,3,543409,25,25,1,0,10,40,475.0,28.0,475.0,1,513.0,38.0,0.07797270955165692,0.7368421052631579,0.7105263157894737,237,6,1
50,1,40,3,543410,25,25,1,0,10,40,470.0,23.0,470.0,1,513.0,43.0,0.07797270955165692,0.5348837209302325,0.5116279069767442,237,11,1
50,1,50,4,543501,25,25,1,0,0,50,568.0,33.0,568.0,1,599.0,31.0,0.08347245409015025,1.064516129032258,1.032258064516129,275,0,1
50,1,50,4,543502,25,25,1,0,0,50,537.0,30.0,537.0,1,565.0,28.0,0.08849557522123894,1.0714285714285714,1.0357142857142858,258,0,1
50,1,50,4,543503,25,25,1,0,0,50,570.0,31.0,570.0,1,599.0,29.0,0.08347245409015025,1.0689655172413792,1.0344827586206897,275,0,1
50,1,50,4,543504,25,25,1,0,0,50,570.0,31.0,570.0,1,599.0,29.0,0.08347245409015025,1.0689655172413792,1.0344827586206897,275,0,1
50,1,50,4,543505,25,25,1,0,0,50,568.0,33.0,568.0,1,599.0,31.0,0.08347245409015025,1.064516129032258,1.032258064516129,275,0,1
50,1,50,4,543506,25,25,1,0,0,50,568.0,33.0,568.0,1,599.0,31.0,0.08347245409015025,1.064516129032258,1.032258064516129,275,0,1
50,1,50,4,543507,25,25,1,0,0,50,537.0,30.0,537.0,1,565.0,28.0,0.08849557522123894,1.0714285714285714,1.0357142857142858,258,0,1
50,1,50,4,543508,25,25,1,0,0,50,570.0,31.0,570.0,1,599.0,29.0,0.08347245409015025,1.0689655172413792,1.0344827586206897,275,0,1
50,1,50,4,543509,25,25,1,0,0,50,512.0,33.0,512.0,1,545.0,33.0,0.09174311926605505,1.0,0.9696969696969697,248,1,1
50,1,50,4,543510,25,25,1,0,0,50,570.0,31.0,570.0,1,599.0,29.0,0.08347245409015025,1.0689655172413792,1.0344827586206897,275,0,1
50,2,20,1,544201,25,25,1,6,24,20,16.0,5.0,16.0,1,19.0,3.0,1.0526315789473684,1.6666666666666667,1.3333333333333333,0,0,1
50,2,20,1,544201,25,25,2,5,25,20,,,,0,,,,,,18,0,38
50,2,20,1,544202,25,25,1,6,24,20,16.0,5.0,16.0,1,19.0,3.0,1.0526315789473684,1.6666666666666667,1.3333333333333333,0,0,1
50,2,20,1,544202,25,25,2,5,25,20,,,,0,,,,,,18,0,38
50,2,20,1,544203,25,25,1,6,24,20,111.0,14.0,111.0,1,123.0,12.0,0.16260162601626016,1.1666666666666667,1.0833333333333333,52,0,1
50,2,20,1,544203,25,25,2,5,25,20,111.0,16.0,111.0,0,,,,,,54,1,6
50,2,20,1,544204,25,25,1,6,24,20,16.0,5.0,16.0,1,19.0,3.0,1.0526315789473684,1.6666666666666667,1.3333333333333333,0,0,1
50,2,20,1,544204,25,25,2,5,25,20,,,,0,,,,,,18,0,38
50,2,20,1,544205,25,25,1,6,24,20,,,,0,,,,,,46,0,37
50,2,20,1,544205,25,25,2,5,25,20,69.0,8.0,69.0,1,75.0,6.0,0.26666666666666666,1.3333333333333333,1.1666666666666667,28,0,1
50,2,20,1,544206,25,25,1,6,24,20,,,,0,,,,,,90,0,25
50,2,20,1,544206,25,25,2,5,25,20,166.0,11.0,166.0,1,175.0,9.0,0.11428571428571428,1.2222222222222223,1.1111111111111112,78,0,1
50,2,20,1,544207,25,25,1,6,24,20,16.0,5.0,16.0,1,19.0,3.0,1.0526315789473684,1.6666666666666667,1.3333333333333333,0,0,1
50,2,20,1,544207,25,25,2,5,25,20,,,,0,,,,,,18,0,38
50,2,20,1,544208,25,25,1,6,24,20,16.0,5.0,16.0,1,19.0,3.0,1.0526315789473684,1.6666666666666667,1.3333333333333333,0,0,1
50,2,20,1,544208,25,25,2,5,25,20,,,,0,,,,,,18,0,38
50,2,20,1,544209,25,25,1,6,24,20,111.0,14.0,111.0,1,123.0,12.0,0.16260162601626016,1.1666666666666667,1.0833333333333333,52,0,1
50,2,20,1,544209,25,25,2,5,25,20,111.0,16.0,111.0,0,,,,,,54,1,6
50,2,20,1,544210,25,25,1,6,24,20,16.0,5.0,16.0,1,19.0,3.0,1.0526315789473684,1.6666666666666667,1.3333333333333333,0,0,1
50,2,20,1,544210,25,25,2,5,25,20,,,,0,,,,,,18,0,38
50,2,30,2,544301,25,25,1,0,20,30,,,,0,,,,,,69,0,47
50,2,30,2,544301,25,25,2,0,30,30,110.0,13.0,110.0,1,121.0,11.0,0.24793388429752067,1.1818181818181819,1.0909090909090908,46,0,1
50,2,30,2,544302,25,25,1,0,20,30,155.0,12.0,155.0,1,165.0,10.0,0.18181818181818182,1.2,1.1,68,0,1
50,2,30,2,544302,25,25,2,0,30,30,,,,0,,,,,,90,0,46
50,2,30,2,544303,25,25,1,0,20,30,107.0,12.0,107.0,0,,,,,,44,0,3
50,2,30,2,544303,25,25,2,0,30,30,107.0,10.0,107.0,1,115.0,8.0,0.2608695652173913,1.25,1.125,43,0,1
50,2,30,2,544304,25,25,1,0,20,30,471.0,24.0,471.0,1,495.0,24.0,0.06060606060606061,1.0,0.9583333333333334,233,1,1
50,2,30,2,544304,25,25,2,0,30,30,484.0,21.0,484.0,0,,,,,,237,0,10
50,2,30,2,544305,25,25,1,0,20,30,393.0,30.0,393.0,1,424.0,31.0,0.07075471698113207,0.967741935483871,0.9354838709677419,198,2,1
50,2,30,2,544305,25,25,2,0,30,30,,,,0,,,,,,213,0,33
50,2,30,2,544306,25,25,1,0,20,30,,,,0,,,,,,24,0,29
50,2,30,2,544306,25,25,2,0,30,30,27.0,4.0,27.0,1,49.0,22.0,0.6122448979591837,0.18181818181818182,0.13636363636363635,10,10,1
50,2,30,2,544307,25,25,1,0,20,30,,,,0,,,,,,69,0,47
50,2,30,2,544307,25,25,2,0,30,30,110.0,13.0,110.0,1,121.0,11.0,0.24793388429752067,1.1818181818181819,1.0909090909090908,46,0,1
50,2,30,2,544308,25,25,1,0,20,30,26.0,5.0,26.0,1,29.0,3.0,1.0344827586206897,1.6666666666666667,1.3333333333333333,0,0,1
50,2,30,2,544308,25,25,2,0,30,30,26.0,5.0,26.0,0,,,,,,0,0,2
50,2,30,2,544309,25,25,1,0,20,30,,,,0,,,,,,24,0,34
50,2,30,2,544309,25,25,2,0,30,30,27.0,4.0,27.0,1,44.0,17.0,0.6818181818181818,0.23529411764705882,0.17647058823529413,8,8,1
50,2,30,2,544310,25,25,1,0,20,30,107.0,12.0,107.0,0,,,,,,44,0,3
50,2,30,2,544310,25,25,2,0,30,30,107.0,10.0,107.0,1,115.0,8.0,0.2608695652173913,1.25,1.125,43,0,1
50,2,40,3,544401,25,25,1,0,10,40,155.0,16.0,155.0,1,169.0,14.0,0.23668639053254437,1.1428571428571428,1.0714285714285714,65,0,1
50,2,40,3,544401,25,25,2,0,40,40,,,,0,,,,,,79,0,30
50,2,40,3,544402,25,25,1,0,10,40,159.0,16.0,159.0,1,173.0,14.0,0.23121387283236994,1.1428571428571428,1.0714285714285714,67,0,1
50,2,40,3,544402,25,25,2,0,40,40,,,,0,,,,,,86,0,40
50,2,40,3,544403,25,25,1,0,10,40,99.0,10.0,99.0,0,,,,,,34,0,3
50,2,40,3,544403,25,25,2,0,40,40,99.0,8.0,99.0,1,105.0,6.0,0.38095238095238093,1.3333333333333333,1.1666666666666667,33,0,1
50,2,40,3,544404,25,25,1,0,10,40,,,,0,,,,,,133,0,25
50,2,40,3,544404,25,25,2,0,40,40,259.0,24.0,259.0,1,281.0,22.0,0.1423487544483986,1.0909090909090908,1.0454545454545454,121,0,1
50,2,40,3,544405,25,25,1,0,10,40,36.0,5.0,36.0,0,,,,,,7,7,10
50,2,40,3,544405,25,25,2,0,40,40,35.0,8.0,35.0,1,43.0,8.0,0.9302325581395349,1.0,0.875,2,1,1
50,2,40,3,544406,25,25,1,0,10,40,157.0,16.0,157.0,1,171.0,14.0,0.23391812865497075,1.1428571428571428,1.0714285714285714,66,0,1
50,2,40,3,544406,25,25,2,0,40,40,,,,0,,,,,,84,0,38
50,2,40,3,544407,25,25,1,0,10,40,99.0,10.0,99.0,0,,,,,,34,0,3
50,2,40,3,544407,25,25,2,0,40,40,99.0,8.0,99.0,1,105.0,6.0,0.38095238095238093,1.3333333333333333,1.1666666666666667,33,0,1
50,2,40,3,544408,25,25,1,0,10,40,,,,0,,,,,,134,0,40
50,2,40,3,544408,25,25,2,0,40,40,234.0,15.0,234.0,1,268.0,34.0,0.14925373134328357,0.4411764705882353,0.4117647058823529,115,11,1
50,2,40,3,544409,25,25,1,0,10,40,,,,0,,,,,,138,0,37
50,2,40,3,544409,25,25,2,0,40,40,257.0,24.0,257.0,1,279.0,22.0,0.14336917562724014,1.0909090909090908,1.0454545454545454,120,0,1
50,2,40,3,544410,25,25,1,0,10,40,91.0,14.0,91.0,1,103.0,12.0,0.3883495145631068,1.1666666666666667,1.0833333333333333,32,0,1
50,2,40,3,544410,25,25,2,0,40,40,,,,0,,,,,,39,0,16
50,2,50,4,544501,25,25,1,0,1,49,43.0,7.0,43.0,1,48.0,5.0,1.0208333333333333,1.4,1.2,0,0,1
50,2,50,4,544501,25,25,2,0,49,49,43.0,7.0,43.0,0,,,,,,0,0,2
50,2,50,4,544502,25,25,1,0,1,49,380.0,26.0,380.0,0,,,,,,178,0,11
50,2,50,4,544502,25,25,2,0,49,49,380.0,16.0,380.0,1,394.0,14.0,0.12436548223350254,1.1428571428571428,1.0714285714285714,173,0,1
50,2,50,4,544503,25,25,1,0,1,49,186.0,12.0,186.0,0,,,,,,74,0,3
50,2,50,4,544503,25,25,2,0,49,49,186.0,10.0,186.0,1,194.0,8.0,0.25257731958762886,1.25,1.125,73,0,1
50,2,50,4,544504,25,25,1,0,1,49,186.0,14.0,186.0,1,198.0,12.0,0.2474747474747475,1.1666666666666667,1.0833333333333333,75,0,1
50,2,50,4,544504,25,25,2,0,49,49,,,,0,,,,,,97,0,46
50,2,50,4,544505,25,25,1,0,1,49,43.0,7.0,43.0,1,48.0,5.0,1.0208333333333333,1.4,1.2,0,0,1
50,2,50,4,544505,25,25,2,0,49,49,43.0,7.0,43.0,0,,,,,,0,0,2
50,2,50,4,544506,25,25,1,0,1,49,89.0,9.0,89.0,1,96.0,7.0,0.5104166666666666,1.2857142857142858,1.1428571428571428,24,0,1
50,2,50,4,544506,25,25,2,0,49,49,89.0,9.0,89.0,0,,,,,,24,0,2
50,2,50,4,544507,25,25,1,0,1,49,43.0,7.0,43.0,1,48.0,5.0,1.0208333333333333,1.4,1.2,0,0,1
50,2,50,4,544507,25,25,2,0,49,49,43.0,7.0,43.0,0,,,,,,0,0,2
50,2,50,4,544508,25,25,1,0,1,49,183.0,15.0,183.0,1,196.0,13.0,0.25,1.1538461538461537,1.0769230769230769,74,0,1
50,2,50,4,544508,25,25,2,0,49,49,183.0,17.0,183.0,0,,,,,,75,0,4
50,2,50,4,544509,25,25,1,0,1,49,,,,0,,,,,,135,0,29
50,2,50,4,544509,25,25,2,0,49,49,278.0,14.0,278.0,1,290.0,12.0,0.16896551724137931,1.1666666666666667,1.0833333333333333,121,0,1
50,2,50,4,544510,25,25,1,0,1,49,,,,0,,,,,,135,0,29
50,2,50,4,544510,25,25,2,0,49,49,278.0,14.0,278.0,1,290.0,12.0,0.16896551724137931,1.1666666666666667,1.0833333333333333,121,0,1
50,3,20,1,545201,25,25,1,6,24,20,16.0,5.0,16.0,1,19.0,3.0,1.0526315789473684,1.6666666666666667,1.3333333333333333,0,0,1
50,3,20,1,545201,25,25,2,45,25,20,,,,0,,,,,,18,0,38
50,3,20,1,545201,25,25,3,5,25,20,,,,0,,,,,,18,0,38
50,3,20,1,545202,25,25,1,6,24,20,,,,0,,,,,,48,0,41
50,3,20,1,545202,25,25,2,45,25,20,69.0,8.0,69.0,1,75.0,6.0,0.26666666666666666,1.3333333333333333,1.1666666666666667,28,0,1
50,3,20,1,545202,25,25,3,5,25,20,69.0,10.0,69.0,0,,,,,,30,1,6
50,3,20,1,545203,25,25,1,6,24,20,119.0,8.0,119.0,1,125.0,6.0,0.16,1.3333333333333333,1.1666666666666667,53,0,1
50,3,20,1,545203,25,25,2,45,25,20,,,,0,,,,,,71,0,38
50,3,20,1,545203,25,25,3,5,25,20,,,,0,,,,,,68,0,32
50,3,20,1,545204,25,25,1,6,24,20,63.0,6.0,63.0,1,67.0,4.0,0.29850746268656714,1.5,1.25,24,0,1
50,3,20,1,545204,25,25,2,45,25,20,63.0,8.0,63.0,0,,,,,,25,0,4
50,3,20,1,545204,25,25,3,5,25,20,,,,0,,,,,,41,0,36
50,3,20,1,545205,25,25,1,6,24,20,,,,0,,,,,,19,0,39
50,3,20,1,545205,25,25,2,45,25,20,17.0,4.0,17.0,1,19.0,2.0,1.0526315789473684,2.0,1.5,0,0,1
50,3,20,1,545205,25,25,3,5,25,20,,,,0,,,,,,18,0,38
50,3,20,1,545206,25,25,1,6,24,20,,,,0,,,,,,49,0,43
50,3,20,1,545206,25,25,2,45,25,20,67.0,10.0,67.0,1,75.0,8.0,0.26666666666666666,1.25,1.125,28,0,1
50,3,20,1,545206,25,25,3,5,25,20,69.0,10.0,69.0,0,,,,,,31,2,7
50,3,20,1,545207,25,25,1,6,24,20,,,,0,,,,,,103,0,39
50,3,20,1,545207,25,25,2,45,25,20,173.0,18.0,173.0,0,,,,,,85,0,3
50,3,20,1,545207,25,25,3,5,25,20,171.0,18.0,171.0,1,187.0,16.0,0.10695187165775401,1.125,1.0625,84,0,1
50,3,20,1,545208,25,25,1,6,24,20,67.0,10.0,67.0,1,75.0,8.0,0.26666666666666666,1.25,1.125,28,0,1
50,3,20,1,545208,25,25,2,45,25,20,67.0,12.0,67.0,0,,,,,,29,0,4
50,3,20,1,545208,25,25,3,5,25,20,,,,0,,,,,,49,0,44
50,3,20,1,545209,25,25,1,6,24,20,16.0,5.0,16.0,1,19.0,3.0,1.0526315789473684,1.6666666666666667,1.3333333333333333,0,0,1
50,3,20,1,545209,25,25,2,45,25,20,17.0,4.0,17.0,0,,,,,,0,0,2
50,3,20,1,545209,25,25,3,5,25,20,,,,0,,,,,,18,0,38
50,3,20,1,545210,25,25,1,6,24,20,16.0,5.0,16.0,1,19.0,3.0,1.0526315789473684,1.6666666666666667,1.3333333333333333,0,0,1
50,3,20,1,545210,25,25,2,45,25,20,17.0,4.0,17.0,0,,,,,,0,0,2
50,3,20,1,545210,25,25,3,5,25,20,,,,0,,,,,,18,0,38
50,3,30,2,545301,25,25,1,0,20,30,191.0,18.0,191.0,1,207.0,16.0,0.14492753623188406,1.125,1.0625,89,0,1
50,3,30,2,545301,25,25,2,48,18,30,,,,0,,,,,,113,0,50
50,3,30,2,545301,25,25,3,0,30,30,,,,0,,,,,,107,0,38
50,3,30,2,545302,25,25,1,0,20,30,26.0,5.0,26.0,1,29.0,3.0,1.0344827586206897,1.6666666666666667,1.3333333333333333,0,0,1
50,3,30,2,545302,25,25,2,48,18,30,,,,0,,,,,,5,0,12
50,3,30,2,545302,25,25,3,0,30,30,27.0,4.0,27.0,0,,,,,,2,2,6
50,3,30,2,545303,25,25,1,0,20,30,187.0,18.0,187.0,1,203.0,16.0,0.1477832512315271,1.125,1.0625,87,0,1
50,3,30,2,545303,25,25,2,48,18,30,,,,0,,,,,,103,0,34
50,3,30,2,545303,25,25,3,0,30,30,,,,0,,,,,,103,0,34
50,3,30,2,545304,25,25,1,0,20,30,,,,0,,,,,,24,0,34
50,3,30,2,545304,25,25,2,48,18,30,,,,0,,,,,,21,0,28
50,3,30,2,545304,25,25,3,0,30,30,27.0,4.0,27.0,1,44.0,17.0,0.6818181818181818,0.23529411764705882,0.17647058823529413,8,8,1
50,3,30,2,545305,25,25,1,0,20,30,62.0,9.0,62.0,0,,,,,,20,0,3
50,3,30,2,545305,25,25,2,48,18,30,62.0,7.0,62.0,1,67.0,5.0,0.44776119402985076,1.4,1.2,19,0,1
50,3,30,2,545305,25,25,3,0,30,30,,,,0,,,,,,41,0,46
50,3,30,2,545306,25,25,1,0,20,30,,,,0,,,,,,44,0,43
50,3,30,2,545306,25,25,2,48,18,30,65.0,14.0,65.0,0,,,,,,24,0,3
50,3,30,2,545306,25,25,3,0,30,30,65.0,12.0,65.0,1,75.0,10.0,0.4,1.2,1.1,23,0,1
50,3,30,2,545307,25,25,1,0,20,30,,,,0,,,,,,44,0,43
50,3,30,2,545307,25,25,2,48,18,30,65.0,14.0,65.0,0,,,,,,24,0,3
50,3,30,2,545307,25,25,3,0,30,30,65.0,12.0,65.0,1,75.0,10.0,0.4,1.2,1.1,23,0,1
50,3,30,2,545308,25,25,1,0,20,30,258.0,17.0,258.0,1,273.0,15.0,0.10989010989010989,1.1333333333333333,1.0666666666666667,122,0,1
50,3,30,2,545308,25,25,2,48,18,30,,,,0,,,,,,131,0,20
50,3,30,2,545308,25,25,3,0,30,30,,,,0,,,,,,133,0,24
50,3,30,2,545309,25,25,1,0,20,30,26.0,5.0,26.0,1,29.0,3.0,1.0344827586206897,1.6666666666666667,1.3333333333333333,0,0,1
50,3,30,2,545309,25,25,2,48,18,30,,,,0,,,,,,18,0,38
50,3,30,2,545309,25,25,3,0,30,30,26.0,5.0,26.0,0,,,,,,0,0,2
50,3,30,2,545310,25,25,1,0,20,30,257.0,20.0,257.0,1,275.0,18.0,0.10909090909090909,1.1111111111111112,1.0555555555555556,123,0,1
50,3,30,2,545310,25,25,2,48,18,30,272.0,23.0,272.0,0,,,,,,132,0,20
50,3,30,2,545310,25,25,3,0,30,30,,,,0,,,,,,137,0,30
50,3,40,3,545401,25,25,1,0,10,40,52.0,9.0,52.0,0,,,,,,10,0,3
50,3,40,3,545401,25,25,2,48,8,40,52.0,7.0,52.0,1,57.0,5.0,0.7017543859649122,1.4,1.2,9,0,1
50,3,40,3,545401,25,25,3,0,40,40,,,,0,,,,,,31,0,46
50,3,40,3,545402,25,25,1,0,10,40,,,,0,,,,,,166,0,25
50,3,40,3,545402,25,25,2,48,8,40,,,,0,,,,,,168,0,29
50,3,40,3,545402,25,25,3,0,40,40,323.0,26.0,323.0,1,347.0,24.0,0.11527377521613832,1.0833333333333333,1.0416666666666667,154,0,1
50,3,40,3,545403,25,25,1,0,10,40,36.0,5.0,36.0,1,39.0,3.0,1.0256410256410255,1.6666666666666667,1.3333333333333333,0,0,1
50,3,40,3,545403,25,25,2,48,8,40,,,,0,,,,,,15,0,32
50,3,40,3,545403,25,25,3,0,40,40,,,,0,,,,,,13,0,28
50,3,40,3,545404,25,25,1,0,10,40,36.0,5.0,36.0,1,39.0,3.0,1.0256410256410255,1.6666666666666667,1.3333333333333333,0,0,1
50,3,40,3,545404,25,25,2,48,8,40,,,,0,,,,,,14,0,30
50,3,40,3,545404,25,25,3,0,40,40,,,,0,,,,,,23,0,48
50,3,40,3,545405,25,25,1,0,10,40,36.0,5.0,36.0,1,39.0,3.0,1.0256410256410255,1.6666666666666667,1.3333333333333333,0,0,1
50,3,40,3,545405,25,25,2,48,8,40,,,,0,,,,,,15,0,32
50,3,40,3,545405,25,25,3,0,40,40,,,,0,,,,,,13,0,28
50,3,40,3,545406,25,25,1,0,10,40,53.0,8.0,53.0,0,,,,,,10,0,3
50,3,40,3,545406,25,25,2,48,8,40,53.0,6.0,53.0,1,57.0,4.0,0.7017543859649122,1.5,1.25,9,0,1
50,3,40,3,545406,25,25,3,0,40,40,,,,0,,,,,,24,0,32
50,3,40,3,545407,25,25,1,0,10,40,355.0,26.0,355.0,1,379.0,24.0,0.10554089709762533,1.0833333333333333,1.0416666666666667,170,0,1
50,3,40,3,545407,25,25,2,48,8,40,,,,0,,,,,,189,0,40
50,3,40,3,545407,25,25,3,0,40,40,361.0,26.0,361.0,0,,,,,,173,0,8
50,3,40,3,545408,25,25,1,0,10,40,99.0,10.0,99.0,0,,,,,,34,0,3
50,3,40,3,545408,25,25,2,48,8,40,,,,0,,,,,,44,0,23
50,3,40,3,545408,25,25,3,0,40,40,99.0,8.0,99.0,1,105.0,6.0,0.38095238095238093,1.3333333333333333,1.1666666666666667,33,0,1
50,3,40,3,545409,25,25,1,0,10,40,36.0,5.0,36.0,1,39.0,3.0,1.0256410256410255,1.6666666666666667,1.3333333333333333,0,0,1
50,3,40,3,545409,25,25,2,48,8,40,,,,0,,,,,,14,0,30
50,3,40,3,545409,25,25,3,0,40,40,,,,0,,,,,,13,0,28
50,3,40,3,545410,25,25,1,0,10,40,53.0,8.0,53.0,0,,,,,,10,0,3
50,3,40,3,545410,25,25,2,48,8,40,53.0,6.0,53.0,1,57.0,4.0,0.7017543859649122,1.5,1.25,9,0,1
50,3,40,3,545410,25,25,3,0,40,40,,,,0,,,,,,31,0,46
50,3,50,4,545501,25,25,1,0,1,49,,,,0,,,,,,42,0,37
50,3,50,4,545501,25,25,2,1,0,49,89.0,9.0,89.0,1,96.0,7.0,0.5104166666666666,1.2857142857142858,1.1428571428571428,24,0,1
50,3,50,4,545501,25,25,3,0,49,49,89.0,9.0,89.0,0,,,,,,24,0,2
50,3,50,4,545502,25,25,1,0,1,49,43.0,7.0,43.0,1,48.0,5.0,1.0208333333333333,1.4,1.2,0,0,1
50,3,50,4,545502,25,25,2,1,0,49,,,,0,,,,,,23,0,48
50,3,50,4,545502,25,25,3,0,49,49,43.0,7.0,43.0,0,,,,,,0,0,2
50,3,50,4,545503,25,25,1,0,1,49,43.0,7.0,43.0,1,48.0,5.0,1.0208333333333333,1.4,1.2,0,0,1
50,3,50,4,545503,25,25,2,1,0,49,,,,0,,,,,,23,0,48
50,3,50,4,545503,25,25,3,0,49,49,43.0,7.0,43.0,0,,,,,,0,0,2
50,3,50,4,545504,25,25,1,0,1,49,43.0,7.0,43.0,1,48.0,5.0,1.0208333333333333,1.4,1.2,0,0,1
50,3,50,4,545504,25,25,2,1,0,49,,,,0,,,,,,23,0,48
50,3,50,4,545504,25,25,3,0,49,49,43.0,7.0,43.0,0,,,,,,0,0,2
50,3,50,4,545505,25,25,1,0,1,49,43.0,7.0,43.0,1,48.0,5.0,1.0208333333333333,1.4,1.2,0,0,1
50,3,50,4,545505,25,25,2,1,0,49,,,,0,,,,,,23,0,48
50,3,50,4,545505,25,25,3,0,49,49,43.0,7.0,43.0,0,,,,,,0,0,2
50,3,50,4,545506,25,25,1,0,1,49,,,,0,,,,,,44,0,41
50,3,50,4,545506,25,25,2,1,0,49,89.0,9.0,89.0,1,96.0,7.0,0.5104166666666666,1.2857142857142858,1.1428571428571428,24,0,1
50,3,50,4,545506,25,25,3,0,49,49,89.0,9.0,89.0,0,,,,,,24,0,2
50,3,50,4,545507,25,25,1,0,1,49,43.0,7.0,43.0,1,48.0,5.0,1.0208333333333333,1.4,1.2,0,0,1
50,3,50,4,545507,25,25,2,1,0,49,,,,0,,,,,,23,0,48
50,3,50,4,545507,25,25,3,0,49,49,43.0,7.0,43.0,0,,,,,,0,0,2
50,3,50,4,545508,25,25,1,0,1,49,,,,0,,,,,,46,0,45
50,3,50,4,545508,25,25,2,1,0,49,89.0,9.0,89.0,1,96.0,7.0,0.5104166666666666,1.2857142857142858,1.1428571428571428,24,0,1
50,3,50,4,545508,25,25,3,0,49,49,89.0,9.0,89.0,0,,,,,,24,0,2
50,3,50,4,545509,25,25,1,0,1,49,43.0,7.0,43.0,1,48.0,5.0,1.0208333333333333,1.4,1.2,0,0,1
50,3,50,4,545509,25,25,2,1,0,49,,,,0,,,,,,23,0,48
50,3,50,4,545509,25,25,3,0,49,49,43.0,7.0,43.0,0,,,,,,0,0,2
50,3,50,4,545510,25,25,1,0,1,49,43.0,7.0,43.0,1,48.0,5.0,1.0208333333333333,1.4,1.2,0,0,1
50,3,50,4,545510,25,25,2,1,0,49,,,,0,,,,,,23,0,48
50,3,50,4,545510,25,25,3,0,49,49,43.0,7.0,43.0,0,,,,,,0,0,2
100,1,20,1,1043201,50,50,1,31,49,20,16.0,5.0,16.0,1,19.0,3.0,1.0526315789473684,1.6666666666666667,1.3333333333333333,0,0,1
100,1,20,1,1043202,50,50,1,31,49,20,793.0,36.0,793.0,1,827.0,34.0,0.02418379685610641,1.0588235294117647,1.0294117647058822,404,0,1
100,1,20,1,1043203,50,50,1,31,49,20,793.0,36.0,793.0,1,827.0,34.0,0.02418379685610641,1.0588235294117647,1.0294117647058822,404,0,1
100,1,20,1,1043204,50,50,1,31,49,20,809.0,42.0,809.0,1,849.0,40.0,0.023557126030624265,1.05,1.025,415,0,1
100,1,20,1,1043205,50,50,1,31,49,20,16.0,5.0,16.0,1,19.0,3.0,1.0526315789473684,1.6666666666666667,1.3333333333333333,0,0,1
100,1,20,1,1043206,50,50,1,31,49,20,460.0,17.0,460.0,1,475.0,15.0,0.042105263157894736,1.1333333333333333,1.0666666666666667,228,0,1
100,1,20,1,1043207,50,50,1,31,49,20,16.0,5.0,16.0,1,19.0,3.0,1.0526315789473684,1.6666666666666667,1.3333333333333333,0,0,1
100,1,20,1,1043208,50,50,1,31,49,20,815.0,38.0,815.0,1,851.0,36.0,0.023501762632197415,1.0555555555555556,1.0277777777777777,416,0,1
100,1,20,1,1043209,50,50,1,31,49,20,16.0,5.0,16.0,1,19.0,3.0,1.0526315789473684,1.6666666666666667,1.3333333333333333,0,0,1
100,1,20,1,1043210,50,50,1,31,49,20,16.0,5.0,16.0,1,19.0,3.0,1.0526315789473684,1.6666666666666667,1.3333333333333333,0,0,1
100,1,30,2,1043301,50,50,1,21,49,30,1943.0,56.0,1943.0,1,1997.0,54.0,0.015022533800701052,1.037037037037037,1.0185185185185186,984,0,1
100,1,30,2,1043302,50,50,1,21,49,30,450.0,19.0,450.0,1,467.0,17.0,0.06423982869379015,1.1176470588235294,1.0588235294117647,219,0,1
100,1,30,2,1043303,50,50,1,21,49,30,26.0,5.0,26.0,1,29.0,3.0,1.0344827586206897,1.6666666666666667,1.3333333333333333,0,0,1
100,1,30,2,1043304,50,50,1,21,49,30,450.0,19.0,450.0,1,467.0,17.0,0.06423982869379015,1.1176470588235294,1.0588235294117647,219,0,1
100,1,30,2,1043305,50,50,1,21,49,30,1003.0,46.0,1003.0,1,1047.0,44.0,0.02865329512893983,1.0454545454545454,1.0227272727272727,509,0,1
100,1,30,2,1043306,50,50,1,21,49,30,26.0,5.0,26.0,1,29.0,3.0,1.0344827586206897,1.6666666666666667,1.3333333333333333,0,0,1
100,1,30,2,1043307,50,50,1,21,49,30,1008.0,41.0,1008.0,1,1047.0,39.0,0.02865329512893983,1.0512820512820513,1.0256410256410255,509,0,1
100,1,30,2,1043308,50,50,1,21,49,30,26.0,5.0,26.0,1,29.0,3.0,1.0344827586206897,1.6666666666666667,1.3333333333333333,0,0,1
100,1,30,2,1043309,50,50,1,21,49,30,1003.0,46.0,1003.0,1,1047.0,44.0,0.02865329512893983,1.0454545454545454,1.0227272727272727,509,0,1
100,1,30,2,1043310,50,50,1,21,49,30,450.0,17.0,450.0,1,465.0,15.0,0.06451612903225806,1.1333333333333333,1.0666666666666667,218,0,1
100,1,40,3,1043401,50,50,1,11,49,40,440.0,17.0,440.0,1,455.0,15.0,0.08791208791208792,1.1333333333333333,1.0666666666666667,208,0,1
100,1,40,3,1043402,50,50,1,11,49,40,440.0,17.0,440.0,1,455.0,15.0,0.08791208791208792,1.1333333333333333,1.0666666666666667,208,0,1
100,1,40,3,1043403,50,50,1,11,49,40,2222.0,65.0,2222.0,1,2285.0,63.0,0.0175054704595186,1.0317460317460319,1.0158730158730158,1123,0,1
100,1,40,3,1043404,50,50,1,11,49,40,36.0,5.0,36.0,1,52.0,16.0,0.7692307692307693,0.3125,0.25,7,7,1
100,1,40,3,1043405,50,50,1,11,49,40,36.0,5.0,36.0,1,52.0,16.0,0.7692307692307693,0.3125,0.25,7,7,1
100,1,40,3,1043406,50,50,1,11,49,40,1661.0,58.0,1661.0,1,1717.0,56.0,0.023296447291788,1.0357142857142858,1.0178571428571428,839,0,1
100,1,40,3,1043407,50,50,1,11,49,40,36.0,5.0,36.0,1,61.0,25.0,0.6557377049180327,0.2,0.16,11,11,1
100,1,40,3,1043408,50,50,1,11,49,40,2011.0,62.0,2011.0,1,2071.0,60.0,0.01931434089811685,1.0333333333333334,1.0166666666666666,1016,0,1
100,1,40,3,1043409,50,50,1,11,49,40,36.0,5.0,36.0,1,61.0,25.0,0.6557377049180327,0.2,0.16,11,11,1
100,1,40,3,1043410,50,50,1,11,49,40,1661.0,58.0,1661.0,1,1717.0,56.0,0.023296447291788,1.0357142857142858,1.0178571428571428,839,0,1
100,1,50,4,1043501,50,50,1,1,49,50,2081.0,64.0,2081.0,1,2143.0,62.0,0.02333177788147457,1.032258064516129,1.0161290322580645,1047,0,1
100,1,50,4,1043502,50,50,1,1,49,50,44.0,7.0,44.0,1,49.0,5.0,1.0204081632653061,1.4,1.2,0,0,1
100,1,50,4,1043503,50,50,1,1,49,50,1989.0,64.0,1989.0,1,2051.0,62.0,0.02437835202340322,1.032258064516129,1.0161290322580645,1001,0,1
100,1,50,4,1043504,50,50,1,1,49,50,2133.0,66.0,2133.0,1,2197.0,64.0,0.02275830678197542,1.03125,1.015625,1074,0,1
100,1,50,4,1043505,50,50,1,1,49,50,2107.0,66.0,2107.0,1,2171.0,64.0,0.023030861354214647,1.03125,1.015625,1061,0,1
100,1,50,4,1043506,50,50,1,1,49,50,44.0,7.0,44.0,1,49.0,5.0,1.0204081632653061,1.4,1.2,0,0,1
100,1,50,4,1043507,50,50,1,1,49,50,433.0,16.0,433.0,1,447.0,14.0,0.11185682326621924,1.1428571428571428,1.0714285714285714,199,0,1
100,1,50,4,1043508,50,50,1,1,49,50,433.0,18.0,433.0,1,449.0,16.0,0.111358574610245,1.125,1.0625,200,0,1
100,1,50,4,1043509,50,50,1,1,49,50,1991.0,64.0,1991.0,1,2053.0,62.0,0.024354603019970774,1.032258064516129,1.0161290322580645,1002,0,1
100,1,50,4,1043510,50,50,1,1,49,50,433.0,16.0,433.0,1,447.0,14.0,0.11185682326621924,1.1428571428571428,1.0714285714285714,199,0,1
100,2,20,1,1044201,50,50,1,31,49,20,16.0,5.0,16.0,1,19.0,3.0,1.0526315789473684,1.6666666666666667,1.3333333333333333,0,0,1
100,2,20,1,1044201,50,50,2,30,50,20,,,,0,,,,,,18,0,38
100,2,20,1,1044202,50,50,1,31,49,20,16.0,5.0,16.0,1,19.0,3.0,1.0526315789473684,1.6666666666666667,1.3333333333333333,0,0,1
100,2,20,1,1044202,50,50,2,30,50,20,,,,0,,,,,,18,0,38
100,2,20,1,1044203,50,50,1,31,49,20,,,,0,,,,,,319,0,47
100,2,20,1,1044203,50,50,2,30,50,20,593.0,20.0,593.0,1,611.0,18.0,0.03273322422258593,1.1111111111111112,1.0555555555555556,296,0,1
100,2,20,1,1044204,50,50,1,31,49,20,16.0,5.0,16.0,1,19.0,3.0,1.0526315789473684,1.6666666666666667,1.3333333333333333,0,0,1
100,2,20,1,1044204,50,50,2,30,50,20,,,,0,,,,,,18,0,38
100,2,20,1,1044205,50,50,1,31,49,20,16.0,5.0,16.0,1,19.0,3.0,1.0526315789473684,1.6666666666666667,1.3333333333333333,0,0,1
100,2,20,1,1044205,50,50,2,30,50,20,,,,0,,,,,,18,0,38
100,2,20,1,1044206,50,50,1,31,49,20,16.0,5.0,16.0,1,19.0,3.0,1.0526315789473684,1.6666666666666667,1.3333333333333333,0,0,1
100,2,20,1,1044206,50,50,2,30,50,20,,,,0,,,,,,18,0,38
100,2,20,1,1044207,50,50,1,31,49,20,16.0,5.0,16.0,1,19.0,3.0,1.0526315789473684,1.6666666666666667,1.3333333333333333,0,0,1
100,2,20,1,1044207,50,50,2,30,50,20,,,,0,,,,,,18,0,38
100,2,20,1,1044208,50,50,1,31,49,20,675.0,20.0,675.0,1,693.0,18.0,0.02886002886002886,1.1111111111111112,1.0555555555555556,337,0,1
100,2,20,1,1044208,50,50,2,30,50,20,,,,0,,,,,,358,0,44
100,2,20,1,1044209,50,50,1,31,49,20,337.0,14.0,337.0,1,349.0,12.0,0.05730659025787966,1.1666666666666667,1.0833333333333333,165,0,1
100,2,20,1,1044209,50,50,2,30,50,20,,,,0,,,,,,202,0,76
100,2,20,1,1044210,50,50,1,31,49,20,16.0,5.0,16.0,1,19.0,3.0,1.0526315789473684,1.6666666666666667,1.3333333333333333,0,0,1
100,2,20,1,1044210,50,50,2,30,50,20,,,,0,,,,,,18,0,38
100,2,30,2,1044301,50,50,1,21,49,30,26.0,5.0,26.0,1,29.0,3.0,1.0344827586206897,1.6666666666666667,1.3333333333333333,0,0,1
100,2,30,2,1044301,50,50,2,20,50,30,,,,0,,,,,,28,0,58
100,2,30,2,1044302,50,50,1,21,49,30,26.0,5.0,26.0,1,29.0,3.0,1.0344827586206897,1.6666666666666667,1.3333333333333333,0,0,1
100,2,30,2,1044302,50,50,2,20,50,30,,,,0,,,,,,28,0,58
100,2,30,2,1044303,50,50,1,21,49,30,1273.0,50.0,1273.0,1,1321.0,48.0,0.022710068130204392,1.0416666666666667,1.0208333333333333,646,0,1
100,2,30,2,1044303,50,50,2,20,50,30,,,,0,,,,,,672,0,54
100,2,30,2,1044304,50,50,1,21,49,30,26.0,5.0,26.0,1,29.0,3.0,1.0344827586206897,1.6666666666666667,1.3333333333333333,0,0,1
100,2,30,2,1044304,50,50,2,20,50,30,,,,0,,,,,,28,0,58
100,2,30,2,1044305,50,50,1,21,49,30,367.0,14.0,367.0,1,379.0,12.0,0.079155672823219,1.1666666666666667,1.0833333333333333,175,0,1
100,2,30,2,1044305,50,50,2,20,50,30,,,,0,,,,,,200,0,52
100,2,30,2,1044306,50,50,1,21,49,30,367.0,14.0,367.0,1,379.0,12.0,0.079155672823219,1.1666666666666667,1.0833333333333333,175,0,1
100,2,30,2,1044306,50,50,2,20,50,30,,,,0,,,,,,200,0,52
100,2,30,2,1044307,50,50,1,21,49,30,214.0,13.0,214.0,1,225.0,11.0,0.13333333333333333,1.1818181818181819,1.0909090909090908,98,0,1
100,2,30,2,1044307,50,50,2,20,50,30,214.0,13.0,214.0,0,,,,,,98,0,2
100,2,30,2,1044308,50,50,1,21,49,30,,,,0,,,,,,524,0,45
100,2,30,2,1044308,50,50,2,20,50,30,1009.0,26.0,1009.0,1,1033.0,24.0,0.02904162633107454,1.0833333333333333,1.0416666666666667,502,0,1
100,2,30,2,1044309,50,50,1,21,49,30,26.0,5.0,26.0,1,29.0,3.0,1.0344827586206897,1.6666666666666667,1.3333333333333333,0,0,1
100,2,30,2,1044309,50,50,2,20,50,30,,,,0,,,,,,28,0,58
100,2,30,2,1044310,50,50,1,21,49,30,343.0,16.0,343.0,1,357.0,14.0,0.08403361344537816,1.1428571428571428,1.0714285714285714,164,0,1
100,2,30,2,1044310,50,50,2,20,50,30,,,,0,,,,,,191,0,56
100,2,40,3,1044401,50,50,1,11,49,40,36.0,5.0,36.0,1,52.0,16.0,0.7692307692307693,0.3125,0.25,7,7,1
100,2,40,3,1044401,50,50,2,10,50,40,,,,0,,,,,,51,0,91
100,2,40,3,1044402,50,50,1,11,49,40,897.0,22.0,897.0,1,917.0,20.0,0.04362050163576881,1.1,1.05,439,0,1
100,2,40,3,1044402,50,50,2,10,50,40,,,,0,,,,,,474,0,72
100,2,40,3,1044403,50,50,1,11,49,40,36.0,5.0,36.0,1,52.0,16.0,0.7692307692307693,0.3125,0.25,7,7,1
100,2,40,3,1044403,50,50,2,10,50,40,,,,0,,,,,,49,0,87
100,2,40,3,1044404,50,50,1,11,49,40,36.0,5.0,36.0,1,61.0,25.0,0.6557377049180327,0.2,0.16,11,11,1
100,2,40,3,1044404,50,50,2,10,50,40,,,,0,,,,,,60,0,100
100,2,40,3,1044405,50,50,1,11,49,40,36.0,5.0,36.0,1,52.0,16.0,0.7692307692307693,0.3125,0.25,7,7,1
100,2,40,3,1044405,50,50,2,10,50,40,,,,0,,,,,,49,0,87
100,2,40,3,1044406,50,50,1,11,49,40,36.0,5.0,36.0,1,52.0,16.0,0.7692307692307693,0.3125,0.25,7,7,1
100,2,40,3,1044406,50,50,2,10,50,40,,,,0,,,,,,49,0,87
100,2,40,3,1044407,50,50,1,11,49,40,526.0,23.0,526.0,1,547.0,21.0,0.07312614259597806,1.0952380952380953,1.0476190476190477,254,0,1
100,2,40,3,1044407,50,50,2,10,50,40,,,,0,,,,,,299,0,92
100,2,40,3,1044408,50,50,1,11,49,40,417.0,18.0,417.0,1,433.0,16.0,0.09237875288683603,1.125,1.0625,197,0,1
100,2,40,3,1044408,50,50,2,10,50,40,,,,0,,,,,,241,0,90
100,2,40,3,1044409,50,50,1,11,49,40,36.0,5.0,36.0,1,61.0,25.0,0.6557377049180327,0.2,0.16,11,11,1
100,2,40,3,1044409,50,50,2,10,50,40,,,,0,,,,,,59,0,98
100,2,40,3,1044410,50,50,1,11,49,40,224.0,13.0,224.0,1,235.0,11.0,0.1702127659574468,1.1818181818181819,1.0909090909090908,98,0,1
100,2,40,3,1044410,50,50,2,10,50,40,224.0,13.0,224.0,0,,,,,,98,0,2
100,2,50,4,1044501,50,50,1,1,49,50,44.0,7.0,44.0,1,49.0,5.0,1.0204081632653061,1.4,1.2,0,0,1
100,2,50,4,1044501,50,50,2,0,50,50,,,,0,,,,,,48,0,98
100,2,50,4,1044502,50,50,1,1,49,50,44.0,7.0,44.0,1,49.0,5.0,1.0204081632653061,1.4,1.2,0,0,1
100,2,50,4,1044502,50,50,2,0,50,50,,,,0,,,,,,48,0,98
100,2,50,4,1044503,50,50,1,1,49,50,235.0,14.0,235.0,0,,,,,,99,0,3
100,2,50,4,1044503,50,50,2,0,50,50,235.0,12.0,235.0,1,245.0,10.0,0.20408163265306123,1.2,1.1,98,0,1
100,2,50,4,1044504,50,50,1,1,49,50,234.0,13.0,234.0,1,245.0,11.0,0.20408163265306123,1.1818181818181819,1.0909090909090908,98,0,1
100,2,50,4,1044504,50,50,2,0,50,50,234.0,13.0,234.0,0,,,,,,98,0,2
100,2,50,4,1044505,50,50,1,1,49,50,44.0,7.0,44.0,1,49.0,5.0,1.0204081632653061,1.4,1.2,0,0,1
100,2,50,4,1044505,50,50,2,0,50,50,,,,0,,,,,,48,0,98
100,2,50,4,1044506,50,50,1,1,49,50,44.0,7.0,44.0,1,49.0,5.0,1.0204081632653061,1.4,1.2,0,0,1
100,2,50,4,1044506,50,50,2,0,50,50,,,,0,,,,,,48,0,98
100,2,50,4,1044507,50,50,1,1,49,50,44.0,7.0,44.0,1,49.0,5.0,1.0204081632653061,1.4,1.2,0,0,1
100,2,50,4,1044507,50,50,2,0,50,50,,,,0,,,,,,48,0,98
100,2,50,4,1044508,50,50,1,1,49,50,234.0,13.0,234.0,1,245.0,11.0,0.20408163265306123,1.1818181818181819,1.0909090909090908,98,0,1
100,2,50,4,1044508,50,50,2,0,50,50,234.0,13.0,234.0,0,,,,,,98,0,2
100,2,50,4,1044509,50,50,1,1,49,50,44.0,7.0,44.0,1,49.0,5.0,1.0204081632653061,1.4,1.2,0,0,1
100,2,50,4,1044509,50,50,2,0,50,50,,,,0,,,,,,48,0,98
100,2,50,4,1044510,50,50,1,1,49,50,44.0,7.0,44.0,1,49.0,5.0,1.0204081632653061,1.4,1.2,0,0,1
100,2,50,4,1044510,50,50,2,0,50,50,,,,0,,,,,,48,0,98
100,3,20,1,1045201,50,50,1,31,49,20,111.0,8.0,111.0,1,117.0,6.0,0.17094017094017094,1.3333333333333333,1.1666666666666667,49,0,1
100,3,20,1,1045201,50,50,2,70,50,20,111.0,10.0,111.0,0,,,,,,50,0,4
100,3,20,1,1045201,50,50,3,30,50,20,,,,0,,,,,,79,0,62
100,3,20,1,1045202,50,50,1,31,49,20,16.0,5.0,16.0,1,19.0,3.0,1.0526315789473684,1.6666666666666667,1.3333333333333333,0,0,1
100,3,20,1,1045202,50,50,2,70,50,20,,,,0,,,,,,18,0,38
100,3,20,1,1045202,50,50,3,30,50,20,,,,0,,,,,,18,0,38
100,3,20,1,1045203,50,50,1,31,49,20,,,,0,,,,,,19,0,39
100,3,20,1,1045203,50,50,2,70,50,20,17.0,4.0,17.0,1,19.0,2.0,1.0526315789473684,2.0,1.5,0,0,1
100,3,20,1,1045203,50,50,3,30,50,20,,,,0,,,,,,18,0,38
100,3,20,1,1045204,50,50,1,31,49,20,,,,0,,,,,,402,0,43
100,3,20,1,1045204,50,50,2,70,50,20,743.0,40.0,743.0,1,781.0,38.0,0.02560819462227913,1.0526315789473684,1.0263157894736843,381,0,1
100,3,20,1,1045204,50,50,3,30,50,20,,,,0,,,,,,405,0,50
100,3,20,1,1045205,50,50,1,31,49,20,16.0,5.0,16.0,1,19.0,3.0,1.0526315789473684,1.6666666666666667,1.3333333333333333,0,0,1
100,3,20,1,1045205,50,50,2,70,50,20,,,,0,,,,,,18,0,38
100,3,20,1,1045205,50,50,3,30,50,20,,,,0,,,,,,18,0,38
100,3,20,1,1045206,50,50,1,31,49,20,16.0,5.0,16.0,1,19.0,3.0,1.0526315789473684,1.6666666666666667,1.3333333333333333,0,0,1
100,3,20,1,1045206,50,50,2,70,50,20,,,,0,,,,,,18,0,38
100,3,20,1,1045206,50,50,3,30,50,20,,,,0,,,,,,18,0,38
100,3,20,1,1045207,50,50,1,31,49,20,,,,0,,,,,,129,0,63
100,3,20,1,1045207,50,50,2,70,50,20,,,,0,,,,,,116,0,37
100,3,20,1,1045207,50,50,3,30,50,20,203.0,14.0,203.0,1,215.0,12.0,0.09302325581395349,1.1666666666666667,1.0833333333333333,98,0,1
100,3,20,1,1045208,50,50,1,31,49,20,16.0,5.0,16.0,1,19.0,3.0,1.0526315789473684,1.6666666666666667,1.3333333333333333,0,0,1
100,3,20,1,1045208,50,50,2,70,50,20,,,,0,,,,,,18,0,38
100,3,20,1,1045208,50,50,3,30,50,20,,,,0,,,,,,18,0,38
100,3,20,1,1045209,50,50,1,31,49,20,,,,0,,,,,,129,0,63
100,3,20,1,1045209,50,50,2,70,50,20,,,,0,,,,,,116,0,37
100,3,20,1,1045209,50,50,3,30,50,20,203.0,14.0,203.0,1,215.0,12.0,0.09302325581395349,1.1666666666666667,1.0833333333333333,98,0,1
100,3,20,1,1045210,50,50,1,31,49,20,16.0,5.0,16.0,1,19.0,3.0,1.0526315789473684,1.6666666666666667,1.3333333333333333,0,0,1
100,3,20,1,1045210,50,50,2,70,50,20,17.0,4.0,17.0,0,,,,,,0,0,2
100,3,20,1,1045210,50,50,3,30,50,20,,,,0,,,,,,18,0,38
100,3,30,2,1045301,50,50,1,21,49,30,,,,0,,,,,,426,0,81
100,3,30,2,1045301,50,50,2,80,50,30,731.0,32.0,731.0,1,801.0,70.0,0.03745318352059925,0.45714285714285713,0.44285714285714284,386,20,1
100,3,30,2,1045301,50,50,3,20,50,30,,,,0,,,,,,422,0,74
100,3,30,2,1045302,50,50,1,21,49,30,26.0,5.0,26.0,1,29.0,3.0,1.0344827586206897,1.6666666666666667,1.3333333333333333,0,0,1
100,3,30,2,1045302,50,50,2,80,50,30,25.0,6.0,25.0,0,,,,,,0,0,2
100,3,30,2,1045302,50,50,3,20,50,30,,,,0,,,,,,28,0,58
100,3,30,2,1045303,50,50,1,21,49,30,26.0,5.0,26.0,1,29.0,3.0,1.0344827586206897,1.6666666666666667,1.3333333333333333,0,0,1
100,3,30,2,1045303,50,50,2,80,50,30,,,,0,,,,,,28,0,58
100,3,30,2,1045303,50,50,3,20,50,30,,,,0,,,,,,28,0,58
100,3,30,2,1045304,50,50,1,21,49,30,26.0,5.0,26.0,1,29.0,3.0,1.0344827586206897,1.6666666666666667,1.3333333333333333,0,0,1
100,3,30,2,1045304,50,50,2,80,50,30,,,,0,,,,,,28,0,58
100,3,30,2,1045304,50,50,3,20,50,30,,,,0,,,,,,28,0,58
100,3,30,2,1045305,50,50,1,21,49,30,26.0,5.0,26.0,1,29.0,3.0,1.0344827586206897,1.6666666666666667,1.3333333333333333,0,0,1
100,3,30,2,1045305,50,50,2,80,50,30,,,,0,,,,,,28,0,58
100,3,30,2,1045305,50,50,3,20,50,30,,,,0,,,,,,28,0,58
100,3,30,2,1045306,50,50,1,21,49,30,121.0,8.0,121.0,1,127.0,6.0,0.23622047244094488,1.3333333333333333,1.1666666666666667,49,0,1
100,3,30,2,1045306,50,50,2,80,50,30,121.0,10.0,121.0,0,,,,,,50,0,4
100,3,30,2,1045306,50,50,3,20,50,30,,,,0,,,,,,76,0,56
100,3,30,2,1045307,50,50,1,21,49,30,,,,0,,,,,,104,0,55
100,3,30,2,1045307,50,50,2,80,50,30,175.0,10.0,175.0,1,183.0,8.0,0.16393442622950818,1.25,1.125,77,0,1
100,3,30,2,1045307,50,50,3,20,50,30,,,,0,,,,,,119,0,86
100,3,30,2,1045308,50,50,1,21,49,30,26.0,5.0,26.0,1,29.0,3.0,1.0344827586206897,1.6666666666666667,1.3333333333333333,0,0,1
100,3,30,2,1045308,50,50,2,80,50,30,,,,0,,,,,,28,0,58
100,3,30,2,1045308,50,50,3,20,50,30,,,,0,,,,,,28,0,58
100,3,30,2,1045309,50,50,1,21,49,30,26.0,5.0,26.0,1,29.0,3.0,1.0344827586206897,1.6666666666666667,1.3333333333333333,0,0,1
100,3,30,2,1045309,50,50,2,80,50,30,,,,0,,,,,,28,0,58
100,3,30,2,1045309,50,50,3,20,50,30,,,,0,,,,,,28,0,58
100,3,30,2,1045310,50,50,1,21,49,30,213.0,14.0,213.0,1,225.0,12.0,0.13333333333333333,1.1666666666666667,1.0833333333333333,98,0,1
100,3,30,2,1045310,50,50,2,80,50,30,,,,0,,,,,,118,0,42
100,3,30,2,1045310,50,50,3,20,50,30,,,,0,,,,,,131,0,68
100,3,40,3,1045401,50,50,1,11,49,40,36.0,5.0,36.0,0,,,,,,4,4,9
100,3,40,3,1045401,50,50,2,90,50,40,35.0,6.0,35.0,1,39.0,4.0,1.0256410256410255,1.5,1.25,0,0,1
100,3,40,3,1045401,50,50,3,10,50,40,,,,0,,,,,,38,0,78
100,3,40,3,1045402,50,50,1,11,49,40,,,,0,,,,,,649,0,85
100,3,40,3,1045402,50,50,2,90,50,40,1205.0,50.0,1205.0,1,1253.0,48.0,0.03192338387869114,1.0416666666666667,1.0208333333333333,607,0,1
100,3,40,3,1045402,50,50,3,10,50,40,,,,0,,,,,,630,0,48
100,3,40,3,1045403,50,50,1,11,49,40,36.0,5.0,36.0,1,61.0,25.0,0.6557377049180327,0.2,0.16,11,11,1
100,3,40,3,1045403,50,50,2,90,50,40,,,,0,,,,,,58,0,96
100,3,40,3,1045403,50,50,3,10,50,40,,,,0,,,,,,49,0,78
100,3,40,3,1045404,50,50,1,11,49,40,36.0,5.0,36.0,0,,,,,,4,4,9
100,3,40,3,1045404,50,50,2,90,50,40,35.0,6.0,35.0,1,39.0,4.0,1.0256410256410255,1.5,1.25,0,0,1
100,3,40,3,1045404,50,50,3,10,50,40,,,,0,,,,,,38,0,78
100,3,40,3,1045405,50,50,1,11,49,40,36.0,5.0,36.0,1,61.0,25.0,0.6557377049180327,0.2,0.16,11,11,1
100,3,40,3,1045405,50,50,2,90,50,40,,,,0,,,,,,58,0,96
100,3,40,3,1045405,50,50,3,10,50,40,,,,0,,,,,,49,0,78
100,3,40,3,1045406,50,50,1,11,49,40,,,,0,,,,,,243,0,99
100,3,40,3,1045406,50,50,2,90,50,40,411.0,18.0,411.0,1,427.0,16.0,0.0936768149882904,1.125,1.0625,194,0,1
100,3,40,3,1045406,50,50,3,10,50,40,,,,0,,,,,,223,0,60
100,3,40,3,1045407,50,50,1,11,49,40,,,,0,,,,,,128,0,61
100,3,40,3,1045407,50,50,2,90,50,40,,,,0,,,,,,136,0,77
100,3,40,3,1045407,50,50,3,10,50,40,223.0,14.0,223.0,1,235.0,12.0,0.1702127659574468,1.1666666666666667,1.0833333333333333,98,0,1
100,3,40,3,1045408,50,50,1,11,49,40,141.0,16.0,141.0,1,155.0,14.0,0.25806451612903225,1.1428571428571428,1.0714285714285714,58,0,1
100,3,40,3,1045408,50,50,2,90,50,40,,,,0,,,,,,66,0,18
100,3,40,3,1045408,50,50,3,10,50,40,,,,0,,,,,,104,0,94
100,3,40,3,1045409,50,50,1,11,49,40,36.0,5.0,36.0,1,61.0,25.0,0.6557377049180327,0.2,0.16,11,11,1
100,3,40,3,1045409,50,50,2,90,50,40,,,,0,,,,,,50,0,80
100,3,40,3,1045409,50,50,3,10,50,40,,,,0,,,,,,49,0,78
100,3,40,3,1045410,50,50,1,11,49,40,,,,0,,,,,,701,0,55
100,3,40,3,1045410,50,50,2,90,50,40,1335.0,54.0,1335.0,1,1387.0,52.0,0.02883922134102379,1.0384615384615385,1.0192307692307692,674,0,1
100,3,40,3,1045410,50,50,3,10,50,40,,,,0,,,,,,715,0,84
100,3,50,4,1045501,50,50,1,1,49,50,44.0,7.0,44.0,1,49.0,5.0,1.0204081632653061,1.4,1.2,0,0,1
100,3,50,4,1045501,50,50,2,99,49,50,,,,0,,,,,,48,0,98
100,3,50,4,1045501,50,50,3,0,50,50,,,,0,,,,,,48,0,98
100,3,50,4,1045502,50,50,1,1,49,50,,,,0,,,,,,98,0,99
100,3,50,4,1045502,50,50,2,99,49,50,138.0,11.0,138.0,1,147.0,9.0,0.3401360544217687,1.2222222222222223,1.1111111111111112,49,0,1
100,3,50,4,1045502,50,50,3,0,50,50,138.0,11.0,138.0,0,,,,,,49,0,2
100,3,50,4,1045503,50,50,1,1,49,50,,,,0,,,,,,49,0,99
100,3,50,4,1045503,50,50,2,99,49,50,44.0,7.0,44.0,1,49.0,5.0,1.0204081632653061,1.4,1.2,0,0,1
100,3,50,4,1045503,50,50,3,0,50,50,,,,0,,,,,,48,0,98
100,3,50,4,1045504,50,50,1,1,49,50,44.0,7.0,44.0,1,49.0,5.0,1.0204081632653061,1.4,1.2,0,0,1
100,3,50,4,1045504,50,50,2,99,49,50,,,,0,,,,,,47,0,96
100,3,50,4,1045504,50,50,3,0,50,50,,,,0,,,,,,48,0,98
100,3,50,4,1045505,50,50,1,1,49,50,44.0,7.0,44.0,1,49.0,5.0,1.0204081632653061,1.4,1.2,0,0,1
100,3,50,4,1045505,50,50,2,99,49,50,44.0,7.0,44.0,0,,,,,,0,0,2
100,3,50,4,1045505,50,50,3,0,50,50,,,,0,,,,,,48,0,98
100,3,50,4,1045506,50,50,1,1,49,50,44.0,7.0,44.0,1,49.0,5.0,1.0204081632653061,1.4,1.2,0,0,1
100,3,50,4,1045506,50,50,2,99,49,50,,,,0,,,,,,48,0,98
100,3,50,4,1045506,50,50,3,0,50,50,,,,0,,,,,,48,0,98
100,3,50,4,1045507,50,50,1,1,49,50,44.0,7.0,44.0,1,49.0,5.0,1.0204081632653061,1.4,1.2,0,0,1
100,3,50,4,1045507,50,50,2,99,49,50,,,,0,,,,,,48,0,98
100,3,50,4,1045507,50,50,3,0,50,50,,,,0,,,,,,48,0,98
100,3,50,4,1045508,50,50,1,1,49,50,44.0,7.0,44.0,1,49.0,5.0,1.0204081632653061,1.4,1.2,0,0,1
100,3,50,4,1045508,50,50,2,99,49,50,44.0,7.0,44.0,0,,,,,,0,0,2
100,3,50,4,1045508,50,50,3,0,50,50,,,,0,,,,,,48,0,98
100,3,50,4,1045509,50,50,1,1,49,50,,,,0,,,,,,49,0,99
100,3,50,4,1045509,50,50,2,99,49,50,44.0,7.0,44.0,1,49.0,5.0,1.0204081632653061,1.4,1.2,0,0,1
100,3,50,4,1045509,50,50,3,0,50,50,,,,0,,,,,,48,0,98
100,3,50,4,1045510,50,50,1,1,49,50,44.0,7.0,44.0,1,49.0,5.0,1.0204081632653061,1.4,1.2,0,0,1
100,3,50,4,1045510,50,50,2,99,49,50,,,,0,,,,,,47,0,96
100,3,50,4,1045510,50,50,3,0,50,50,,,,0,,,,,,48,0,98
