grid_size,n_search_robots,target_x,target_y,requested_distance_shell,spawn_position_id,search_starts,search_start_distances,actual_min_start_distance,actual_mean_start_distance,algorithm_seed,max_horizon,found,found_robot_id,steps_to_target,optimal_manhattan_steps,excess_steps_over_optimal,slowdown_ratio,path_efficiency,time_to_attractive_detection,time_from_detection_to_target,post_detection_path_efficiency,convergence_rate,stagnation_count,mode_switch_step,success_rate,steps_per_start_distance,detection_fraction_of_total_time
50,1,25,25,20,1,"6,24",20,20,20,543201,12500,1,1,491,20,471,24.55,0.04073319755600815,463,28,1.071428571428571,1.035714285714286,236,463,1.0,24.55,0.9429735234215886
50,1,25,25,20,1,"6,24",20,20,20,543202,12500,1,1,19,20,-1,0.95,1.052631578947368,16,3,1.666666666666667,1.333333333333333,0,16,1.0,0.95,0.8421052631578947
50,1,25,25,20,1,"6,24",20,20,20,543203,12500,1,1,449,20,429,22.45,0.044543429844098,410,39,0.4871794871794872,0.4615384615384616,215,410,1.0,22.45,0.9131403118040089
50,1,25,25,20,1,"6,24",20,20,20,543204,12500,1,1,585,20,565,29.25,0.03418803418803419,555,30,1.066666666666667,1.033333333333333,283,555,1.0,29.25,0.9487179487179487
50,1,25,25,20,1,"6,24",20,20,20,543205,12500,1,1,19,20,-1,0.95,1.052631578947368,16,3,1.666666666666667,1.333333333333333,0,16,1.0,0.95,0.8421052631578947
50,1,25,25,20,1,"6,24",20,20,20,543206,12500,1,1,465,20,445,23.25,0.04301075268817205,437,28,1.071428571428571,1.035714285714286,223,437,1.0,23.25,0.9397849462365592
50,1,25,25,20,1,"6,24",20,20,20,543207,12500,1,1,495,20,475,24.75,0.04040404040404041,467,28,1.071428571428571,1.035714285714286,238,467,1.0,24.75,0.9434343434343434
50,1,25,25,20,1,"6,24",20,20,20,543208,12500,1,1,427,20,407,21.35,0.0468384074941452,399,28,1.071428571428571,1.035714285714286,204,399,1.0,21.35,0.9344262295081968
50,1,25,25,20,1,"6,24",20,20,20,543209,12500,1,1,19,20,-1,0.95,1.052631578947368,16,3,1.666666666666667,1.333333333333333,0,16,1.0,0.95,0.8421052631578947
50,1,25,25,20,1,"6,24",20,20,20,543210,12500,1,1,225,20,205,11.25,0.08888888888888889,214,11,1.181818181818182,1.090909090909091,103,214,1.0,11.25,0.9511111111111111
50,1,25,25,30,2,"0,20",30,30,30,543301,12500,1,1,513,30,483,17.1,0.05847953216374269,480,33,1.0,0.9696969696969697,242,480,1.0,17.1,0.935672514619883
50,1,25,25,30,2,"0,20",30,30,30,543302,12500,1,1,521,30,491,17.36666666666667,0.05758157389635317,491,30,1.066666666666667,1.033333333333333,246,491,1.0,17.366666666666667,0.9424184261036468
50,1,25,25,30,2,"0,20",30,30,30,543303,12500,1,1,273,30,243,9.1,0.1098901098901099,254,19,1.105263157894737,1.052631578947368,122,254,1.0,9.1,0.9304029304029304
50,1,25,25,30,2,"0,20",30,30,30,543304,12500,1,1,511,30,481,17.03333333333333,0.05870841487279843,480,31,1.064516129032258,1.032258064516129,241,480,1.0,17.033333333333335,0.9393346379647749
50,1,25,25,30,2,"0,20",30,30,30,543305,12500,1,1,521,30,491,17.36666666666667,0.05758157389635317,491,30,1.066666666666667,1.033333333333333,246,491,1.0,17.366666666666667,0.9424184261036468
50,1,25,25,30,2,"0,20",30,30,30,543306,12500,1,1,521,30,491,17.36666666666667,0.05758157389635317,491,30,1.066666666666667,1.033333333333333,246,491,1.0,17.366666666666667,0.9424184261036468
50,1,25,25,30,2,"0,20",30,30,30,543307,12500,1,1,513,30,483,17.1,0.05847953216374269,480,33,1.0,0.9696969696969697,242,480,1.0,17.1,0.935672514619883
50,1,25,25,30,2,"0,20",30,30,30,543308,12500,1,1,619,30,589,20.63333333333333,0.04846526655896607,588,31,1.064516129032258,1.032258064516129,295,588,1.0,20.633333333333333,0.9499192245557351
50,1,25,25,30,2,"0,20",30,30,30,543309,12500,1,1,269,30,239,8.966666666666667,0.1115241635687732,254,15,1.133333333333333,1.066666666666667,120,254,1.0,8.966666666666667,0.9442379182156134
50,1,25,25,30,2,"0,20",30,30,30,543310,12500,1,1,513,30,483,17.1,0.05847953216374269,480,33,1.0,0.9696969696969697,242,480,1.0,17.1,0.935672514619883
50,1,25,25,40,3,"0,10",40,40,40,543401,12500,1,1,595,40,555,14.875,0.06722689075630252,567,28,1.071428571428571,1.035714285714286,278,567,1.0,14.875,0.9529411764705882
50,1,25,25,40,3,"0,10",40,40,40,543402,12500,1,1,415,40,375,10.375,0.0963855421686747,391,24,1.083333333333333,1.041666666666667,188,391,1.0,10.375,0.9421686746987952
50,1,25,25,40,3,"0,10",40,40,40,543403,12500,1,1,531,40,491,13.275,0.07532956685499058,501,30,1.066666666666667,1.033333333333333,246,501,1.0,13.275,0.943502824858757
50,1,25,25,40,3,"0,10",40,40,40,543404,12500,1,1,415,40,375,10.375,0.0963855421686747,391,24,1.083333333333333,1.041666666666667,188,391,1.0,10.375,0.9421686746987952
50,1,25,25,40,3,"0,10",40,40,40,543405,12500,1,1,491,40,451,12.275,0.0814663951120163,470,21,1.095238095238095,1.047619047619048,226,470,1.0,12.275,0.9572301425661914
50,1,25,25,40,3,"0,10",40,40,40,543406,12500,1,1,503,40,463,12.575,0.07952286282306163,475,28,1.0,0.9642857142857143,232,475,1.0,12.575,0.9443339960238568
50,1,25,25,40,3,"0,10",40,40,40,543407,12500,1,1,431,40,391,10.775,0.09280742459396751,406,25,1.08,1.04,196,406,1.0,10.775,0.9419953596287703
50,1,25,25,40,3,"0,10",40,40,40,543408,12500,1,1,609,40,569,15.225,0.06568144499178982,578,31,1.064516129032258,1.032258064516129,285,578,1.0,15.225,0.9490968801313628
50,1,25,25,40,3,"0,10",40,40,40,543409,12500,1,1,513,40,473,12.825,0.07797270955165692,475,38,0.7368421052631579,0.7105263157894737,237,475,1.0,12.825,0.9259259259259259
50,1,25,25,40,3,"0,10",40,40,40,543410,12500,1,1,513,40,473,12.825,0.07797270955165692,470,43,0.5348837209302325,0.5116279069767442,237,470,1.0,12.825,0.9161793372319688
50,1,25,25,50,4,"0,0",50,50,50,543501,12500,1,1,599,50,549,11.98,0.08347245409015025,568,31,1.064516129032258,1.032258064516129,275,568,1.0,11.98,0.9482470784641068
50,1,25,25,50,4,"0,0",50,50,50,543502,12500,1,1,565,50,515,11.3,0.08849557522123894,537,28,1.071428571428571,1.035714285714286,258,537,1.0,11.3,0.9504424778761061
50,1,25,25,50,4,"0,0",50,50,50,543503,12500,1,1,599,50,549,11.98,0.08347245409015025,570,29,1.068965517241379,1.03448275862069,275,570,1.0,11.98,0.9515859766277128
50,1,25,25,50,4,"0,0",50,50,50,543504,12500,1,1,599,50,549,11.98,0.08347245409015025,570,29,1.068965517241379,1.03448275862069,275,570,1.0,11.98,0.9515859766277128
50,1,25,25,50,4,"0,0",50,50,50,543505,12500,1,1,599,50,549,11.98,0.08347245409015025,568,31,1.064516129032258,1.032258064516129,275,568,1.0,11.98,0.9482470784641068
50,1,25,25,50,4,"0,0",50,50,50,543506,12500,1,1,599,50,549,11.98,0.08347245409015025,568,31,1.064516129032258,1.032258064516129,275,568,1.0,11.98,0.9482470784641068
50,1,25,25,50,4,"0,0",50,50,50,543507,12500,1,1,565,50,515,11.3,0.08849557522123894,537,28,1.071428571428571,1.035714285714286,258,537,1.0,11.3,0.9504424778761061
50,1,25,25,50,4,"0,0",50,50,50,543508,12500,1,1,599,50,549,11.98,0.08347245409015025,570,29,1.068965517241379,1.03448275862069,275,570,1.0,11.98,0.9515859766277128
50,1,25,25,50,4,"0,0",50,50,50,543509,12500,1,1,545,50,495,10.9,0.09174311926605505,512,33,1.0,0.9696969696969697,248,512,1.0,10.9,0.9394495412844037
50,1,25,25,50,4,"0,0",50,50,50,543510,12500,1,1,599,50,549,11.98,0.08347245409015025,570,29,1.068965517241379,1.03448275862069,275,570,1.0,11.98,0.9515859766277128
50,2,25,25,20,1,"6,24;5,25",20;20,20,20,544201,12500,1,1,19,20,-1,0.95,1.052631578947368,16,3,1.666666666666667,1.333333333333333,0,16,1.0,0.95,0.8421052631578947
50,2,25,25,20,1,"6,24;5,25",20;20,20,20,544202,12500,1,1,19,20,-1,0.95,1.052631578947368,16,3,1.666666666666667,1.333333333333333,0,16,1.0,0.95,0.8421052631578947
50,2,25,25,20,1,"6,24;5,25",20;20,20,20,544203,12500,1,1,123,20,103,6.15,0.1626016260162602,111,12,1.166666666666667,1.083333333333333,52,111,1.0,6.15,0.9024390243902439
50,2,25,25,20,1,"6,24;5,25",20;20,20,20,544204,12500,1,1,19,20,-1,0.95,1.052631578947368,16,3,1.666666666666667,1.333333333333333,0,16,1.0,0.95,0.8421052631578947
50,2,25,25,20,1,"6,24;5,25",20;20,20,20,544205,12500,1,2,75,20,55,3.75,0.2666666666666667,69,6,1.333333333333333,1.166666666666667,28,69,1.0,3.75,0.92
50,2,25,25,20,1,"6,24;5,25",20;20,20,20,544206,12500,1,2,175,20,155,8.75,0.1142857142857143,166,9,1.222222222222222,1.111111111111111,78,166,1.0,8.75,0.9485714285714286
50,2,25,25,20,1,"6,24;5,25",20;20,20,20,544207,12500,1,1,19,20,-1,0.95,1.052631578947368,16,3,1.666666666666667,1.333333333333333,0,16,1.0,0.95,0.8421052631578947
50,2,25,25,20,1,"6,24;5,25",20;20,20,20,544208,12500,1,1,19,20,-1,0.95,1.052631578947368,16,3,1.666666666666667,1.333333333333333,0,16,1.0,0.95,0.8421052631578947
50,2,25,25,20,1,"6,24;5,25",20;20,20,20,544209,12500,1,1,123,20,103,6.15,0.1626016260162602,111,12,1.166666666666667,1.083333333333333,52,111,1.0,6.15,0.9024390243902439
50,2,25,25,20,1,"6,24;5,25",20;20,20,20,544210,12500,1,1,19,20,-1,0.95,1.052631578947368,16,3,1.666666666666667,1.333333333333333,0,16,1.0,0.95,0.8421052631578947
50,2,25,25,30,2,"0,20;0,30",30;30,30,30,544301,12500,1,2,121,30,91,4.033333333333333,0.2479338842975207,110,11,1.181818181818182,1.090909090909091,46,110,1.0,4.033333333333333,0.9090909090909091
50,2,25,25,30,2,"0,20;0,30",30;30,30,30,544302,12500,1,1,165,30,135,5.5,0.1818181818181818,155,10,1.2,1.1,68,155,1.0,5.5,0.9393939393939394
50,2,25,25,30,2,"0,20;0,30",30;30,30,30,544303,12500,1,2,115,30,85,3.833333333333333,0.2608695652173913,107,8,1.25,1.125,43,107,1.0,3.8333333333333335,0.9304347826086956
50,2,25,25,30,2,"0,20;0,30",30;30,30,30,544304,12500,1,1,495,30,465,16.5,0.06060606060606061,471,24,1.0,0.9583333333333334,233,471,1.0,16.5,0.9515151515151515
50,2,25,25,30,2,"0,20;0,30",30;30,30,30,544305,12500,1,1,424,30,394,14.13333333333333,0.07075471698113207,393,31,0.967741935483871,0.9354838709677419,198,393,1.0,14.133333333333333,0.9268867924528302
50,2,25,25,30,2,"0,20;0,30",30;30,30,30,544306,12500,1,2,49,30,19,1.633333333333333,0.6122448979591837,27,22,0.1818181818181818,0.1363636363636364,10,27,1.0,1.6333333333333333,0.5510204081632653
50,2,25,25,30,2,"0,20;0,30",30;30,30,30,544307,12500,1,2,121,30,91,4.033333333333333,0.2479338842975207,110,11,1.181818181818182,1.090909090909091,46,110,1.0,4.033333333333333,0.9090909090909091
50,2,25,25,30,2,"0,20;0,30",30;30,30,30,544308,12500,1,1,29,30,-1,0.9666666666666667,1.03448275862069,26,3,1.666666666666667,1.333333333333333,0,26,1.0,0.9666666666666667,0.896551724137931
50,2,25,25,30,2,"0,20;0,30",30;30,30,30,544309,12500,1,2,44,30,14,1.466666666666667,0.6818181818181818,27,17,0.2352941176470588,0.1764705882352941,8,27,1.0,1.4666666666666666,0.6136363636363636
50,2,25,25,30,2,"0,20;0,30",30;30,30,30,544310,12500,1,2,115,30,85,3.833333333333333,0.2608695652173913,107,8,1.25,1.125,43,107,1.0,3.8333333333333335,0.9304347826086956
50,2,25,25,40,3,"0,10;0,40",40;40,40,40,544401,12500,1,1,169,40,129,4.225,0.2366863905325444,155,14,1.142857142857143,1.071428571428571,65,155,1.0,4.225,0.9171597633136095
50,2,25,25,40,3,"0,10;0,40",40;40,40,40,544402,12500,1,1,173,40,133,4.325,0.2312138728323699,159,14,1.142857142857143,1.071428571428571,67,159,1.0,4.325,0.9190751445086706
50,2,25,25,40,3,"0,10;0,40",40;40,40,40,544403,12500,1,2,105,40,65,2.625,0.3809523809523809,99,6,1.333333333333333,1.166666666666667,33,99,1.0,2.625,0.9428571428571428
50,2,25,25,40,3,"0,10;0,40",40;40,40,40,544404,12500,1,2,281,40,241,7.025,0.1423487544483986,259,22,1.090909090909091,1.045454545454545,121,259,1.0,7.025,0.9217081850533808
50,2,25,25,40,3,"0,10;0,40",40;40,40,40,544405,12500,1,2,43,40,3,1.075,0.9302325581395349,35,8,1.0,0.875,2,35,1.0,1.075,0.813953488372093
50,2,25,25,40,3,"0,10;0,40",40;40,40,40,544406,12500,1,1,171,40,131,4.275,0.2339181286549707,157,14,1.142857142857143,1.071428571428571,66,157,1.0,4.275,0.9181286549707602
50,2,25,25,40,3,"0,10;0,40",40;40,40,40,544407,12500,1,2,105,40,65,2.625,0.3809523809523809,99,6,1.333333333333333,1.166666666666667,33,99,1.0,2.625,0.9428571428571428
50,2,25,25,40,3,"0,10;0,40",40;40,40,40,544408,12500,1,2,268,40,228,6.7,0.1492537313432836,234,34,0.4411764705882353,0.4117647058823529,115,234,1.0,6.7,0.8731343283582089
50,2,25,25,40,3,"0,10;0,40",40;40,40,40,544409,12500,1,2,279,40,239,6.975,0.1433691756272401,257,22,1.090909090909091,1.045454545454545,120,257,1.0,6.975,0.921146953405018
50,2,25,25,40,3,"0,10;0,40",40;40,40,40,544410,12500,1,1,103,40,63,2.575,0.3883495145631068,91,12,1.166666666666667,1.083333333333333,32,91,1.0,2.575,0.883495145631068
50,2,25,25,50,4,"0,1;0,49",49;49,49,49,544501,12500,1,1,48,49,-1,0.9795918367346939,1.020833333333333,43,5,1.4,1.2,0,43,1.0,0.9795918367346939,0.8958333333333334
50,2,25,25,50,4,"0,1;0,49",49;49,49,49,544502,12500,1,2,394,49,345,8.040816326530612,0.1243654822335025,380,14,1.142857142857143,1.071428571428571,173,380,1.0,8.040816326530612,0.9644670050761421
50,2,25,25,50,4,"0,1;0,49",49;49,49,49,544503,12500,1,2,194,49,145,3.959183673469388,0.2525773195876289,186,8,1.25,1.125,73,186,1.0,3.9591836734693877,0.9587628865979382
50,2,25,25,50,4,"0,1;0,49",49;49,49,49,544504,12500,1,1,198,49,149,4.040816326530612,0.2474747474747475,186,12,1.166666666666667,1.083333333333333,75,186,1.0,4.040816326530612,0.9393939393939394
50,2,25,25,50,4,"0,1;0,49",49;49,49,49,544505,12500,1,1,48,49,-1,0.9795918367346939,1.020833333333333,43,5,1.4,1.2,0,43,1.0,0.9795918367346939,0.8958333333333334
50,2,25,25,50,4,"0,1;0,49",49;49,49,49,544506,12500,1,1,96,49,47,1.959183673469388,0.5104166666666666,89,7,1.285714285714286,1.142857142857143,24,89,1.0,1.9591836734693877,0.9270833333333334
50,2,25,25,50,4,"0,1;0,49",49;49,49,49,544507,12500,1,1,48,49,-1,0.9795918367346939,1.020833333333333,43,5,1.4,1.2,0,43,1.0,0.9795918367346939,0.8958333333333334
50,2,25,25,50,4,"0,1;0,49",49;49,49,49,544508,12500,1,1,196,49,147,4.0,0.25,183,13,1.153846153846154,1.076923076923077,74,183,1.0,4.0,0.9336734693877551
50,2,25,25,50,4,"0,1;0,49",49;49,49,49,544509,12500,1,2,290,49,241,5.918367346938775,0.1689655172413793,278,12,1.166666666666667,1.083333333333333,121,278,1.0,5.918367346938775,0.9586206896551724
50,2,25,25,50,4,"0,1;0,49",49;49,49,49,544510,12500,1,2,290,49,241,5.918367346938775,0.1689655172413793,278,12,1.166666666666667,1.083333333333333,121,278,1.0,5.918367346938775,0.9586206896551724
50,3,25,25,20,1,"6,24;45,25;5,25",20;20;20,20,20,545201,12500,1,1,19,20,-1,0.95,1.052631578947368,16,3,1.666666666666667,1.333333333333333,0,16,1.0,0.95,0.8421052631578947
50,3,25,25,20,1,"6,24;45,25;5,25",20;20;20,20,20,545202,12500,1,2,75,20,55,3.75,0.2666666666666667,69,6,1.333333333333333,1.166666666666667,28,69,1.0,3.75,0.92
50,3,25,25,20,1,"6,24;45,25;5,25",20;20;20,20,20,545203,12500,1,1,125,20,105,6.25,0.16,119,6,1.333333333333333,1.166666666666667,53,119,1.0,6.25,0.952
50,3,25,25,20,1,"6,24;45,25;5,25",20;20;20,20,20,545204,12500,1,1,67,20,47,3.35,0.2985074626865671,63,4,1.5,1.25,24,63,1.0,3.35,0.9402985074626866
50,3,25,25,20,1,"6,24;45,25;5,25",20;20;20,20,20,545205,12500,1,2,19,20,-1,0.95,1.052631578947368,17,2,2.0,1.5,0,17,1.0,0.95,0.8947368421052632
50,3,25,25,20,1,"6,24;45,25;5,25",20;20;20,20,20,545206,12500,1,2,75,20,55,3.75,0.2666666666666667,67,8,1.25,1.125,28,67,1.0,3.75,0.8933333333333333
50,3,25,25,20,1,"6,24;45,25;5,25",20;20;20,20,20,545207,12500,1,3,187,20,167,9.35,0.106951871657754,171,16,1.125,1.0625,84,171,1.0,9.35,0.9144385026737968
50,3,25,25,20,1,"6,24;45,25;5,25",20;20;20,20,20,545208,12500,1,1,75,20,55,3.75,0.2666666666666667,67,8,1.25,1.125,28,67,1.0,3.75,0.8933333333333333
50,3,25,25,20,1,"6,24;45,25;5,25",20;20;20,20,20,545209,12500,1,1,19,20,-1,0.95,1.052631578947368,16,3,1.666666666666667,1.333333333333333,0,16,1.0,0.95,0.8421052631578947
50,3,25,25,20,1,"6,24;45,25;5,25",20;20;20,20,20,545210,12500,1,1,19,20,-1,0.95,1.052631578947368,16,3,1.666666666666667,1.333333333333333,0,16,1.0,0.95,0.8421052631578947
50,3,25,25,30,2,"0,20;48,18;0,30",30;30;30,30,30,545301,12500,1,1,207,30,177,6.9,0.1449275362318841,191,16,1.125,1.0625,89,191,1.0,6.9,0.9227053140096618
50,3,25,25,30,2,"0,20;48,18;0,30",30;30;30,30,30,545302,12500,1,1,29,30,-1,0.9666666666666667,1.03448275862069,26,3,1.666666666666667,1.333333333333333,0,26,1.0,0.9666666666666667,0.896551724137931
50,3,25,25,30,2,"0,20;48,18;0,30",30;30;30,30,30,545303,12500,1,1,203,30,173,6.766666666666667,0.1477832512315271,187,16,1.125,1.0625,87,187,1.0,6.766666666666667,0.9211822660098522
50,3,25,25,30,2,"0,20;48,18;0,30",30;30;30,30,30,545304,12500,1,3,44,30,14,1.466666666666667,0.6818181818181818,27,17,0.2352941176470588,0.1764705882352941,8,27,1.0,1.4666666666666666,0.6136363636363636
50,3,25,25,30,2,"0,20;48,18;0,30",30;30;30,30,30,545305,12500,1,2,67,30,37,2.233333333333333,0.4477611940298508,62,5,1.4,1.2,19,62,1.0,2.2333333333333334,0.9253731343283582
50,3,25,25,30,2,"0,20;48,18;0,30",30;30;30,30,30,545306,12500,1,3,75,30,45,2.5,0.4,65,10,1.2,1.1,23,65,1.0,2.5,0.8666666666666667
50,3,25,25,30,2,"0,20;48,18;0,30",30;30;30,30,30,545307,12500,1,3,75,30,45,2.5,0.4,65,10,1.2,1.1,23,65,1.0,2.5,0.8666666666666667
50,3,25,25,30,2,"0,20;48,18;0,30",30;30;30,30,30,545308,12500,1,1,273,30,243,9.1,0.1098901098901099,258,15,1.133333333333333,1.066666666666667,122,258,1.0,9.1,0.945054945054945
50,3,25,25,30,2,"0,20;48,18;0,30",30;30;30,30,30,545309,12500,1,1,29,30,-1,0.9666666666666667,1.03448275862069,26,3,1.666666666666667,1.333333333333333,0,26,1.0,0.9666666666666667,0.896551724137931
50,3,25,25,30,2,"0,20;48,18;0,30",30;30;30,30,30,545310,12500,1,1,275,30,245,9.166666666666666,0.1090909090909091,257,18,1.111111111111111,1.055555555555556,123,257,1.0,9.166666666666666,0.9345454545454546
50,3,25,25,40,3,"0,10;48,8;0,40",40;40;40,40,40,545401,12500,1,2,57,40,17,1.425,0.7017543859649122,52,5,1.4,1.2,9,52,1.0,1.425,0.9122807017543859
50,3,25,25,40,3,"0,10;48,8;0,40",40;40;40,40,40,545402,12500,1,3,347,40,307,8.675,0.1152737752161383,323,24,1.083333333333333,1.041666666666667,154,323,1.0,8.675,0.930835734870317
50,3,25,25,40,3,"0,10;48,8;0,40",40;40;40,40,40,545403,12500,1,1,39,40,-1,0.975,1.025641025641026,36,3,1.666666666666667,1.333333333333333,0,36,1.0,0.975,0.9230769230769231
50,3,25,25,40,3,"0,10;48,8;0,40",40;40;40,40,40,545404,12500,1,1,39,40,-1,0.975,1.025641025641026,36,3,1.666666666666667,1.333333333333333,0,36,1.0,0.975,0.9230769230769231
50,3,25,25,40,3,"0,10;48,8;0,40",40;40;40,40,40,545405,12500,1,1,39,40,-1,0.975,1.025641025641026,36,3,1.666666666666667,1.333333333333333,0,36,1.0,0.975,0.9230769230769231
50,3,25,25,40,3,"0,10;48,8;0,40",40;40;40,40,40,545406,12500,1,2,57,40,17,1.425,0.7017543859649122,53,4,1.5,1.25,9,53,1.0,1.425,0.9298245614035088
50,3,25,25,40,3,"0,10;48,8;0,40",40;40;40,40,40,545407,12500,1,1,379,40,339,9.475,0.1055408970976253,355,24,1.083333333333333,1.041666666666667,170,355,1.0,9.475,0.9366754617414248
50,3,25,25,40,3,"0,10;48,8;0,40",40;40;40,40,40,545408,12500,1,3,105,40,65,2.625,0.3809523809523809,99,6,1.333333333333333,1.166666666666667,33,99,1.0,2.625,0.9428571428571428
50,3,25,25,40,3,"0,10;48,8;0,40",40;40;40,40,40,545409,12500,1,1,39,40,-1,0.975,1.025641025641026,36,3,1.666666666666667,1.333333333333333,0,36,1.0,0.975,0.9230769230769231
50,3,25,25,40,3,"0,10;48,8;0,40",40;40;40,40,40,545410,12500,1,2,57,40,17,1.425,0.7017543859649122,53,4,1.5,1.25,9,53,1.0,1.425,0.9298245614035088
50,3,25,25,50,4,"0,1;1,0;0,49",49;49;49,49,49,545501,12500,1,2,96,49,47,1.959183673469388,0.5104166666666666,89,7,1.285714285714286,1.142857142857143,24,89,1.0,1.9591836734693877,0.9270833333333334
50,3,25,25,50,4,"0,1;1,0;0,49",49;49;49,49,49,545502,12500,1,1,48,49,-1,0.9795918367346939,1.020833333333333,43,5,1.4,1.2,0,43,1.0,0.9795918367346939,0.8958333333333334
50,3,25,25,50,4,"0,1;1,0;0,49",49;49;49,49,49,545503,12500,1,1,48,49,-1,0.9795918367346939,1.020833333333333,43,5,1.4,1.2,0,43,1.0,0.9795918367346939,0.8958333333333334
50,3,25,25,50,4,"0,1;1,0;0,49",49;49;49,49,49,545504,12500,1,1,48,49,-1,0.9795918367346939,1.020833333333333,43,5,1.4,1.2,0,43,1.0,0.9795918367346939,0.8958333333333334
50,3,25,25,50,4,"0,1;1,0;0,49",49;49;49,49,49,545505,12500,1,1,48,49,-1,0.9795918367346939,1.020833333333333,43,5,1.4,1.2,0,43,1.0,0.9795918367346939,0.8958333333333334
50,3,25,25,50,4,"0,1;1,0;0,49",49;49;49,49,49,545506,12500,1,2,96,49,47,1.959183673469388,0.5104166666666666,89,7,1.285714285714286,1.142857142857143,24,89,1.0,1.9591836734693877,0.9270833333333334
50,3,25,25,50,4,"0,1;1,0;0,49",49;49;49,49,49,545507,12500,1,1,48,49,-1,0.9795918367346939,1.020833333333333,43,5,1.4,1.2,0,43,1.0,0.9795918367346939,0.8958333333333334
50,3,25,25,50,4,"0,1;1,0;0,49",49;49;49,49,49,545508,12500,1,2,96,49,47,1.959183673469388,0.5104166666666666,89,7,1.285714285714286,1.142857142857143,24,89,1.0,1.9591836734693877,0.9270833333333334
50,3,25,25,50,4,"0,1;1,0;0,49",49;49;49,49,49,545509,12500,1,1,48,49,-1,0.9795918367346939,1.020833333333333,43,5,1.4,1.2,0,43,1.0,0.9795918367346939,0.8958333333333334
50,3,25,25,50,4,"0,1;1,0;0,49",49;49;49,49,49,545510,12500,1,1,48,49,-1,0.9795918367346939,1.020833333333333,43,5,1.4,1.2,0,43,1.0,0.9795918367346939,0.8958333333333334
100,1,50,50,20,1,"31,49",20,20,20,1043201,50000,1,1,19,20,-1,0.95,1.052631578947368,16,3,1.666666666666667,1.333333333333333,0,16,1.0,0.95,0.8421052631578947
100,1,50,50,20,1,"31,49",20,20,20,1043202,50000,1,1,827,20,807,41.35,0.02418379685610641,793,34,1.058823529411765,1.029411764705882,404,793,1.0,41.35,0.9588875453446191
100,1,50,50,20,1,"31,49",20,20,20,1043203,50000,1,1,827,20,807,41.35,0.02418379685610641,793,34,1.058823529411765,1.029411764705882,404,793,1.0,41.35,0.9588875453446191
100,1,50,50,20,1,"31,49",20,20,20,1043204,50000,1,1,849,20,829,42.45,0.02355712603062426,809,40,1.05,1.025,415,809,1.0,42.45,0.9528857479387515
100,1,50,50,20,1,"31,49",20,20,20,1043205,50000,1,1,19,20,-1,0.95,1.052631578947368,16,3,1.666666666666667,1.333333333333333,0,16,1.0,0.95,0.8421052631578947
100,1,50,50,20,1,"31,49",20,20,20,1043206,50000,1,1,475,20,455,23.75,0.04210526315789474,460,15,1.133333333333333,1.066666666666667,228,460,1.0,23.75,0.968421052631579
100,1,50,50,20,1,"31,49",20,20,20,1043207,50000,1,1,19,20,-1,0.95,1.052631578947368,16,3,1.666666666666667,1.333333333333333,0,16,1.0,0.95,0.8421052631578947
100,1,50,50,20,1,"31,49",20,20,20,1043208,50000,1,1,851,20,831,42.55,0.02350176263219741,815,36,1.055555555555556,1.027777777777778,416,815,1.0,42.55,0.9576968272620446
100,1,50,50,20,1,"31,49",20,20,20,1043209,50000,1,1,19,20,-1,0.95,1.052631578947368,16,3,1.666666666666667,1.333333333333333,0,16,1.0,0.95,0.8421052631578947
100,1,50,50,20,1,"31,49",20,20,20,1043210,50000,1,1,19,20,-1,0.95,1.052631578947368,16,3,1.666666666666667,1.333333333333333,0,16,1.0,0.95,0.8421052631578947
100,1,50,50,30,2,"21,49",30,30,30,1043301,50000,1,1,1997,30,1967,66.56666666666666,0.01502253380070105,1943,54,1.037037037037037,1.018518518518519,984,1943,1.0,66.56666666666666,0.9729594391587381
100,1,50,50,30,2,"21,49",30,30,30,1043302,50000,1,1,467,30,437,15.56666666666667,0.06423982869379015,450,17,1.117647058823529,1.058823529411765,219,450,1.0,15.566666666666666,0.9635974304068522
100,1,50,50,30,2,"21,49",30,30,30,1043303,50000,1,1,29,30,-1,0.9666666666666667,1.03448275862069,26,3,1.666666666666667,1.333333333333333,0,26,1.0,0.9666666666666667,0.896551724137931
100,1,50,50,30,2,"21,49",30,30,30,1043304,50000,1,1,467,30,437,15.56666666666667,0.06423982869379015,450,17,1.117647058823529,1.058823529411765,219,450,1.0,15.566666666666666,0.9635974304068522
100,1,50,50,30,2,"21,49",30,30,30,1043305,50000,1,1,1047,30,1017,34.9,0.02865329512893983,1003,44,1.045454545454545,1.022727272727273,509,1003,1.0,34.9,0.9579751671442216
100,1,50,50,30,2,"21,49",30,30,30,1043306,50000,1,1,29,30,-1,0.9666666666666667,1.03448275862069,26,3,1.666666666666667,1.333333333333333,0,26,1.0,0.9666666666666667,0.896551724137931
100,1,50,50,30,2,"21,49",30,30,30,1043307,50000,1,1,1047,30,1017,34.9,0.02865329512893983,1008,39,1.051282051282051,1.025641025641026,509,1008,1.0,34.9,0.9627507163323782
100,1,50,50,30,2,"21,49",30,30,30,1043308,50000,1,1,29,30,-1,0.9666666666666667,1.03448275862069,26,3,1.666666666666667,1.333333333333333,0,26,1.0,0.9666666666666667,0.896551724137931
100,1,50,50,30,2,"21,49",30,30,30,1043309,50000,1,1,1047,30,1017,34.9,0.02865329512893983,1003,44,1.045454545454545,1.022727272727273,509,1003,1.0,34.9,0.9579751671442216
100,1,50,50,30,2,"21,49",30,30,30,1043310,50000,1,1,465,30,435,15.5,0.06451612903225806,450,15,1.133333333333333,1.066666666666667,218,450,1.0,15.5,0.967741935483871
100,1,50,50,40,3,"11,49",40,40,40,1043401,50000,1,1,455,40,415,11.375,0.08791208791208792,440,15,1.133333333333333,1.066666666666667,208,440,1.0,11.375,0.967032967032967
100,1,50,50,40,3,"11,49",40,40,40,1043402,50000,1,1,455,40,415,11.375,0.08791208791208792,440,15,1.133333333333333,1.066666666666667,208,440,1.0,11.375,0.967032967032967
100,1,50,50,40,3,"11,49",40,40,40,1043403,50000,1,1,2285,40,2245,57.125,0.0175054704595186,2222,63,1.031746031746032,1.015873015873016,1123,2222,1.0,57.125,0.9724288840262582
100,1,50,50,40,3,"11,49",40,40,40,1043404,50000,1,1,52,40,12,1.3,0.7692307692307693,36,16,0.3125,0.25,7,36,1.0,1.3,0.6923076923076923
100,1,50,50,40,3,"11,49",40,40,40,1043405,50000,1,1,52,40,12,1.3,0.7692307692307693,36,16,0.3125,0.25,7,36,1.0,1.3,0.6923076923076923
100,1,50,50,40,3,"11,49",40,40,40,1043406,50000,1,1,1717,40,1677,42.925,0.023296447291788,1661,56,1.035714285714286,1.017857142857143,839,1661,1.0,42.925,0.9673849737914968
100,1,50,50,40,3,"11,49",40,40,40,1043407,50000,1,1,61,40,21,1.525,0.6557377049180327,36,25,0.2,0.16,11,36,1.0,1.525,0.5901639344262295
100,1,50,50,40,3,"11,49",40,40,40,1043408,50000,1,1,2071,40,2031,51.775,0.01931434089811685,2011,60,1.033333333333333,1.016666666666667,1016,2011,1.0,51.775,0.9710284886528248
100,1,50,50,40,3,"11,49",40,40,40,1043409,50000,1,1,61,40,21,1.525,0.6557377049180327,36,25,0.2,0.16,11,36,1.0,1.525,0.5901639344262295
100,1,50,50,40,3,"11,49",40,40,40,1043410,50000,1,1,1717,40,1677,42.925,0.023296447291788,1661,56,1.035714285714286,1.017857142857143,839,1661,1.0,42.925,0.9673849737914968
100,1,50,50,50,4,"1,49",50,50,50,1043501,50000,1,1,2143,50,2093,42.86,0.02333177788147457,2081,62,1.032258064516129,1.016129032258065,1047,2081,1.0,42.86,0.9710685954269715
100,1,50,50,50,4,"1,49",50,50,50,1043502,50000,1,1,49,50,-1,0.98,1.020408163265306,44,5,1.4,1.2,0,44,1.0,0.98,0.8979591836734694
100,1,50,50,50,4,"1,49",50,50,50,1043503,50000,1,1,2051,50,2001,41.02,0.02437835202340322,1989,62,1.032258064516129,1.016129032258065,1001,1989,1.0,41.02,0.96977084349098
100,1,50,50,50,4,"1,49",50,50,50,1043504,50000,1,1,2197,50,2147,43.94,0.02275830678197542,2133,64,1.03125,1.015625,1074,2133,1.0,43.94,0.9708693673190715
100,1,50,50,50,4,"1,49",50,50,50,1043505,50000,1,1,2171,50,2121,43.42,0.02303086135421465,2107,64,1.03125,1.015625,1061,2107,1.0,43.42,0.9705204974666053
100,1,50,50,50,4,"1,49",50,50,50,1043506,50000,1,1,49,50,-1,0.98,1.020408163265306,44,5,1.4,1.2,0,44,1.0,0.98,0.8979591836734694
100,1,50,50,50,4,"1,49",50,50,50,1043507,50000,1,1,447,50,397,8.94,0.1118568232662192,433,14,1.142857142857143,1.071428571428571,199,433,1.0,8.94,0.9686800894854586
100,1,50,50,50,4,"1,49",50,50,50,1043508,50000,1,1,449,50,399,8.98,0.111358574610245,433,16,1.125,1.0625,200,433,1.0,8.98,0.9643652561247216
100,1,50,50,50,4,"1,49",50,50,50,1043509,50000,1,1,2053,50,2003,41.06,0.02435460301997077,1991,62,1.032258064516129,1.016129032258065,1002,1991,1.0,41.06,0.9698002922552362
100,1,50,50,50,4,"1,49",50,50,50,1043510,50000,1,1,447,50,397,8.94,0.1118568232662192,433,14,1.142857142857143,1.071428571428571,199,433,1.0,8.94,0.9686800894854586
100,2,50,50,20,1,"31,49;30,50",20;20,20,20,1044201,50000,1,1,19,20,-1,0.95,1.052631578947368,16,3,1.666666666666667,1.333333333333333,0,16,1.0,0.95,0.8421052631578947
100,2,50,50,20,1,"31,49;30,50",20;20,20,20,1044202,50000,1,1,19,20,-1,0.95,1.052631578947368,16,3,1.666666666666667,1.333333333333333,0,16,1.0,0.95,0.8421052631578947
100,2,50,50,20,1,"31,49;30,50",20;20,20,20,1044203,50000,1,2,611,20,591,30.55,0.03273322422258593,593,18,1.111111111111111,1.055555555555556,296,593,1.0,30.55,0.9705400981996727
100,2,50,50,20,1,"31,49;30,50",20;20,20,20,1044204,50000,1,1,19,20,-1,0.95,1.052631578947368,16,3,1.666666666666667,1.333333333333333,0,16,1.0,0.95,0.8421052631578947
100,2,50,50,20,1,"31,49;30,50",20;20,20,20,1044205,50000,1,1,19,20,-1,0.95,1.052631578947368,16,3,1.666666666666667,1.333333333333333,0,16,1.0,0.95,0.8421052631578947
100,2,50,50,20,1,"31,49;30,50",20;20,20,20,1044206,50000,1,1,19,20,-1,0.95,1.052631578947368,16,3,1.666666666666667,1.333333333333333,0,16,1.0,0.95,0.8421052631578947
100,2,50,50,20,1,"31,49;30,50",20;20,20,20,1044207,50000,1,1,19,20,-1,0.95,1.052631578947368,16,3,1.666666666666667,1.333333333333333,0,16,1.0,0.95,0.8421052631578947
100,2,50,50,20,1,"31,49;30,50",20;20,20,20,1044208,50000,1,1,693,20,673,34.65,0.02886002886002886,675,18,1.111111111111111,1.055555555555556,337,675,1.0,34.65,0.974025974025974
100,2,50,50,20,1,"31,49;30,50",20;20,20,20,1044209,50000,1,1,349,20,329,17.45,0.05730659025787966,337,12,1.166666666666667,1.083333333333333,165,337,1.0,17.45,0.9656160458452722
100,2,50,50,20,1,"31,49;30,50",20;20,20,20,1044210,50000,1,1,19,20,-1,0.95,1.052631578947368,16,3,1.666666666666667,1.333333333333333,0,16,1.0,0.95,0.8421052631578947
100,2,50,50,30,2,"21,49;20,50",30;30,30,30,1044301,50000,1,1,29,30,-1,0.9666666666666667,1.03448275862069,26,3,1.666666666666667,1.333333333333333,0,26,1.0,0.9666666666666667,0.896551724137931
100,2,50,50,30,2,"21,49;20,50",30;30,30,30,1044302,50000,1,1,29,30,-1,0.9666666666666667,1.03448275862069,26,3,1.666666666666667,1.333333333333333,0,26,1.0,0.9666666666666667,0.896551724137931
100,2,50,50,30,2,"21,49;20,50",30;30,30,30,1044303,50000,1,1,1321,30,1291,44.03333333333333,0.02271006813020439,1273,48,1.041666666666667,1.020833333333333,646,1273,1.0,44.03333333333333,0.9636638909916729
100,2,50,50,30,2,"21,49;20,50",30;30,30,30,1044304,50000,1,1,29,30,-1,0.9666666666666667,1.03448275862069,26,3,1.666666666666667,1.333333333333333,0,26,1.0,0.9666666666666667,0.896551724137931
100,2,50,50,30,2,"21,49;20,50",30;30,30,30,1044305,50000,1,1,379,30,349,12.63333333333333,0.079155672823219,367,12,1.166666666666667,1.083333333333333,175,367,1.0,12.633333333333333,0.9683377308707124
100,2,50,50,30,2,"21,49;20,50",30;30,30,30,1044306,50000,1,1,379,30,349,12.63333333333333,0.079155672823219,367,12,1.166666666666667,1.083333333333333,175,367,1.0,12.633333333333333,0.9683377308707124
100,2,50,50,30,2,"21,49;20,50",30;30,30,30,1044307,50000,1,1,225,30,195,7.5,0.1333333333333333,214,11,1.181818181818182,1.090909090909091,98,214,1.0,7.5,0.9511111111111111
100,2,50,50,30,2,"21,49;20,50",30;30,30,30,1044308,50000,1,2,1033,30,1003,34.43333333333333,0.02904162633107454,1009,24,1.083333333333333,1.041666666666667,502,1009,1.0,34.43333333333333,0.9767666989351403
100,2,50,50,30,2,"21,49;20,50",30;30,30,30,1044309,50000,1,1,29,30,-1,0.9666666666666667,1.03448275862069,26,3,1.666666666666667,1.333333333333333,0,26,1.0,0.9666666666666667,0.896551724137931
100,2,50,50,30,2,"21,49;20,50",30;30,30,30,1044310,50000,1,1,357,30,327,11.9,0.08403361344537816,343,14,1.142857142857143,1.071428571428571,164,343,1.0,11.9,0.9607843137254902
100,2,50,50,40,3,"11,49;10,50",40;40,40,40,1044401,50000,1,1,52,40,12,1.3,0.7692307692307693,36,16,0.3125,0.25,7,36,1.0,1.3,0.6923076923076923
100,2,50,50,40,3,"11,49;10,50",40;40,40,40,1044402,50000,1,1,917,40,877,22.925,0.04362050163576881,897,20,1.1,1.05,439,897,1.0,22.925,0.9781897491821155
100,2,50,50,40,3,"11,49;10,50",40;40,40,40,1044403,50000,1,1,52,40,12,1.3,0.7692307692307693,36,16,0.3125,0.25,7,36,1.0,1.3,0.6923076923076923
100,2,50,50,40,3,"11,49;10,50",40;40,40,40,1044404,50000,1,1,61,40,21,1.525,0.6557377049180327,36,25,0.2,0.16,11,36,1.0,1.525,0.5901639344262295
100,2,50,50,40,3,"11,49;10,50",40;40,40,40,1044405,50000,1,1,52,40,12,1.3,0.7692307692307693,36,16,0.3125,0.25,7,36,1.0,1.3,0.6923076923076923
100,2,50,50,40,3,"11,49;10,50",40;40,40,40,1044406,50000,1,1,52,40,12,1.3,0.7692307692307693,36,16,0.3125,0.25,7,36,1.0,1.3,0.6923076923076923
100,2,50,50,40,3,"11,49;10,50",40;40,40,40,1044407,50000,1,1,547,40,507,13.675,0.07312614259597806,526,21,1.095238095238095,1.047619047619048,254,526,1.0,13.675,0.9616087751371115
100,2,50,50,40,3,"11,49;10,50",40;40,40,40,1044408,50000,1,1,433,40,393,10.825,0.09237875288683603,417,16,1.125,1.0625,197,417,1.0,10.825,0.9630484988452656
100,2,50,50,40,3,"11,49;10,50",40;40,40,40,1044409,50000,1,1,61,40,21,1.525,0.6557377049180327,36,25,0.2,0.16,11,36,1.0,1.525,0.5901639344262295
100,2,50,50,40,3,"11,49;10,50",40;40,40,40,1044410,50000,1,1,235,40,195,5.875,0.1702127659574468,224,11,1.181818181818182,1.090909090909091,98,224,1.0,5.875,0.9531914893617022
100,2,50,50,50,4,"1,49;0,50",50;50,50,50,1044501,50000,1,1,49,50,-1,0.98,1.020408163265306,44,5,1.4,1.2,0,44,1.0,0.98,0.8979591836734694
100,2,50,50,50,4,"1,49;0,50",50;50,50,50,1044502,50000,1,1,49,50,-1,0.98,1.020408163265306,44,5,1.4,1.2,0,44,1.0,0.98,0.8979591836734694
100,2,50,50,50,4,"1,49;0,50",50;50,50,50,1044503,50000,1,2,245,50,195,4.9,0.2040816326530612,235,10,1.2,1.1,98,235,1.0,4.9,0.9591836734693877
100,2,50,50,50,4,"1,49;0,50",50;50,50,50,1044504,50000,1,1,245,50,195,4.9,0.2040816326530612,234,11,1.181818181818182,1.090909090909091,98,234,1.0,4.9,0.9551020408163265
100,2,50,50,50,4,"1,49;0,50",50;50,50,50,1044505,50000,1,1,49,50,-1,0.98,1.020408163265306,44,5,1.4,1.2,0,44,1.0,0.98,0.8979591836734694
100,2,50,50,50,4,"1,49;0,50",50;50,50,50,1044506,50000,1,1,49,50,-1,0.98,1.020408163265306,44,5,1.4,1.2,0,44,1.0,0.98,0.8979591836734694
100,2,50,50,50,4,"1,49;0,50",50;50,50,50,1044507,50000,1,1,49,50,-1,0.98,1.020408163265306,44,5,1.4,1.2,0,44,1.0,0.98,0.8979591836734694
100,2,50,50,50,4,"1,49;0,50",50;50,50,50,1044508,50000,1,1,245,50,195,4.9,0.2040816326530612,234,11,1.181818181818182,1.090909090909091,98,234,1.0,4.9,0.9551020408163265
100,2,50,50,50,4,"1,49;0,50",50;50,50,50,1044509,50000,1,1,49,50,-1,0.98,1.020408163265306,44,5,1.4,1.2,0,44,1.0,0.98,0.8979591836734694
100,2,50,50,50,4,"1,49;0,50",50;50,50,50,1044510,50000,1,1,49,50,-1,0.98,1.020408163265306,44,5,1.4,1.2,0,44,1.0,0.98,0.8979591836734694
100,3,50,50,20,1,"31,49;70,50;30,50",20;20;20,20,20,1045201,50000,1,1,117,20,97,5.85,0.1709401709401709,111,6,1.333333333333333,1.166666666666667,49,111,1.0,5.85,0.9487179487179487
100,3,50,50,20,1,"31,49;70,50;30,50",20;20;20,20,20,1045202,50000,1,1,19,20,-1,0.95,1.052631578947368,16,3,1.666666666666667,1.333333333333333,0,16,1.0,0.95,0.8421052631578947
100,3,50,50,20,1,"31,49;70,50;30,50",20;20;20,20,20,1045203,50000,1,2,19,20,-1,0.95,1.052631578947368,17,2,2.0,1.5,0,17,1.0,0.95,0.8947368421052632
100,3,50,50,20,1,"31,49;70,50;30,50",20;20;20,20,20,1045204,50000,1,2,781,20,761,39.05,0.02560819462227913,743,38,1.052631578947368,1.026315789473684,381,743,1.0,39.05,0.9513444302176697
100,3,50,50,20,1,"31,49;70,50;30,50",20;20;20,20,20,1045205,50000,1,1,19,20,-1,0.95,1.052631578947368,16,3,1.666666666666667,1.333333333333333,0,16,1.0,0.95,0.8421052631578947
100,3,50,50,20,1,"31,49;70,50;30,50",20;20;20,20,20,1045206,50000,1,1,19,20,-1,0.95,1.052631578947368,16,3,1.666666666666667,1.333333333333333,0,16,1.0,0.95,0.8421052631578947
100,3,50,50,20,1,"31,49;70,50;30,50",20;20;20,20,20,1045207,50000,1,3,215,20,195,10.75,0.09302325581395349,203,12,1.166666666666667,1.083333333333333,98,203,1.0,10.75,0.9441860465116279
100,3,50,50,20,1,"31,49;70,50;30,50",20;20;20,20,20,1045208,50000,1,1,19,20,-1,0.95,1.052631578947368,16,3,1.666666666666667,1.333333333333333,0,16,1.0,0.95,0.8421052631578947
100,3,50,50,20,1,"31,49;70,50;30,50",20;20;20,20,20,1045209,50000,1,3,215,20,195,10.75,0.09302325581395349,203,12,1.166666666666667,1.083333333333333,98,203,1.0,10.75,0.9441860465116279
100,3,50,50,20,1,"31,49;70,50;30,50",20;20;20,20,20,1045210,50000,1,1,19,20,-1,0.95,1.052631578947368,16,3,1.666666666666667,1.333333333333333,0,16,1.0,0.95,0.8421052631578947
100,3,50,50,30,2,"21,49;80,50;20,50",30;30;30,30,30,1045301,50000,1,2,801,30,771,26.7,0.03745318352059925,731,70,0.4571428571428571,0.4428571428571428,386,731,1.0,26.7,0.9126092384519351
100,3,50,50,30,2,"21,49;80,50;20,50",30;30;30,30,30,1045302,50000,1,1,29,30,-1,0.9666666666666667,1.03448275862069,26,3,1.666666666666667,1.333333333333333,0,26,1.0,0.9666666666666667,0.896551724137931
100,3,50,50,30,2,"21,49;80,50;20,50",30;30;30,30,30,1045303,50000,1,1,29,30,-1,0.9666666666666667,1.03448275862069,26,3,1.666666666666667,1.333333333333333,0,26,1.0,0.9666666666666667,0.896551724137931
100,3,50,50,30,2,"21,49;80,50;20,50",30;30;30,30,30,1045304,50000,1,1,29,30,-1,0.9666666666666667,1.03448275862069,26,3,1.666666666666667,1.333333333333333,0,26,1.0,0.9666666666666667,0.896551724137931
100,3,50,50,30,2,"21,49;80,50;20,50",30;30;30,30,30,1045305,50000,1,1,29,30,-1,0.9666666666666667,1.03448275862069,26,3,1.666666666666667,1.333333333333333,0,26,1.0,0.9666666666666667,0.896551724137931
100,3,50,50,30,2,"21,49;80,50;20,50",30;30;30,30,30,1045306,50000,1,1,127,30,97,4.233333333333333,0.2362204724409449,121,6,1.333333333333333,1.166666666666667,49,121,1.0,4.233333333333333,0.952755905511811
100,3,50,50,30,2,"21,49;80,50;20,50",30;30;30,30,30,1045307,50000,1,2,183,30,153,6.1,0.1639344262295082,175,8,1.25,1.125,77,175,1.0,6.1,0.9562841530054644
100,3,50,50,30,2,"21,49;80,50;20,50",30;30;30,30,30,1045308,50000,1,1,29,30,-1,0.9666666666666667,1.03448275862069,26,3,1.666666666666667,1.333333333333333,0,26,1.0,0.9666666666666667,0.896551724137931
100,3,50,50,30,2,"21,49;80,50;20,50",30;30;30,30,30,1045309,50000,1,1,29,30,-1,0.9666666666666667,1.03448275862069,26,3,1.666666666666667,1.333333333333333,0,26,1.0,0.9666666666666667,0.896551724137931
100,3,50,50,30,2,"21,49;80,50;20,50",30;30;30,30,30,1045310,50000,1,1,225,30,195,7.5,0.1333333333333333,213,12,1.166666666666667,1.083333333333333,98,213,1.0,7.5,0.9466666666666667
100,3,50,50,40,3,"11,49;90,50;10,50",40;40;40,40,40,1045401,50000,1,2,39,40,-1,0.975,1.025641025641026,35,4,1.5,1.25,0,35,1.0,0.975,0.8974358974358975
100,3,50,50,40,3,"11,49;90,50;10,50",40;40;40,40,40,1045402,50000,1,2,1253,40,1213,31.325,0.03192338387869114,1205,48,1.041666666666667,1.020833333333333,607,1205,1.0,31.325,0.9616919393455706
100,3,50,50,40,3,"11,49;90,50;10,50",40;40;40,40,40,1045403,50000,1,1,61,40,21,1.525,0.6557377049180327,36,25,0.2,0.16,11,36,1.0,1.525,0.5901639344262295
100,3,50,50,40,3,"11,49;90,50;10,50",40;40;40,40,40,1045404,50000,1,2,39,40,-1,0.975,1.025641025641026,35,4,1.5,1.25,0,35,1.0,0.975,0.8974358974358975
100,3,50,50,40,3,"11,49;90,50;10,50",40;40;40,40,40,1045405,50000,1,1,61,40,21,1.525,0.6557377049180327,36,25,0.2,0.16,11,36,1.0,1.525,0.5901639344262295
100,3,50,50,40,3,"11,49;90,50;10,50",40;40;40,40,40,1045406,50000,1,2,427,40,387,10.675,0.0936768149882904,411,16,1.125,1.0625,194,411,1.0,10.675,0.9625292740046838
100,3,50,50,40,3,"11,49;90,50;10,50",40;40;40,40,40,1045407,50000,1,3,235,40,195,5.875,0.1702127659574468,223,12,1.166666666666667,1.083333333333333,98,223,1.0,5.875,0.948936170212766
100,3,50,50,40,3,"11,49;90,50;10,50",40;40;40,40,40,1045408,50000,1,1,155,40,115,3.875,0.2580645161290323,141,14,1.142857142857143,1.071428571428571,58,141,1.0,3.875,0.9096774193548387
100,3,50,50,40,3,"11,49;90,50;10,50",40;40;40,40,40,1045409,50000,1,1,61,40,21,1.525,0.6557377049180327,36,25,0.2,0.16,11,36,1.0,1.525,0.5901639344262295
100,3,50,50,40,3,"11,49;90,50;10,50",40;40;40,40,40,1045410,50000,1,2,1387,40,1347,34.675,0.02883922134102379,1335,52,1.038461538461539,1.019230769230769,674,1335,1.0,34.675,0.9625090122566691
100,3,50,50,50,4,"1,49;99,49;0,50",50;50;50,50,50,1045501,50000,1,1,49,50,-1,0.98,1.020408163265306,44,5,1.4,1.2,0,44,1.0,0.98,0.8979591836734694
100,3,50,50,50,4,"1,49;99,49;0,50",50;50;50,50,50,1045502,50000,1,2,147,50,97,2.94,0.3401360544217687,138,9,1.222222222222222,1.111111111111111,49,138,1.0,2.94,0.9387755102040817
100,3,50,50,50,4,"1,49;99,49;0,50",50;50;50,50,50,1045503,50000,1,2,49,50,-1,0.98,1.020408163265306,44,5,1.4,1.2,0,44,1.0,0.98,0.8979591836734694
100,3,50,50,50,4,"1,49;99,49;0,50",50;50;50,50,50,1045504,50000,1,1,49,50,-1,0.98,1.020408163265306,44,5,1.4,1.2,0,44,1.0,0.98,0.8979591836734694
100,3,50,50,50,4,"1,49;99,49;0,50",50;50;50,50,50,1045505,50000,1,1,49,50,-1,0.98,1.020408163265306,44,5,1.4,1.2,0,44,1.0,0.98,0.8979591836734694
100,3,50,50,50,4,"1,49;99,49;0,50",50;50;50,50,50,1045506,50000,1,1,49,50,-1,0.98,1.020408163265306,44,5,1.4,1.2,0,44,1.0,0.98,0.8979591836734694
100,3,50,50,50,4,"1,49;99,49;0,50",50;50;50,50,50,1045507,50000,1,1,49,50,-1,0.98,1.020408163265306,44,5,1.4,1.2,0,44,1.0,0.98,0.8979591836734694
100,3,50,50,50,4,"1,49;99,49;0,50",50;50;50,50,50,1045508,50000,1,1,49,50,-1,0.98,1.020408163265306,44,5,1.4,1.2,0,44,1.0,0.98,0.8979591836734694
100,3,50,50,50,4,"1,49;99,49;0,50",50;50;50,50,50,1045509,50000,1,2,49,50,-1,0.98,1.020408163265306,44,5,1.4,1.2,0,44,1.0,0.98,0.8979591836734694
100,3,50,50,50,4,"1,49;99,49;0,50",50;50;50,50,50,1045510,50000,1,1,49,50,-1,0.98,1.020408163265306,44,5,1.4,1.2,0,44,1.0,0.98,0.8979591836734694
